"0	16	0	12.3	0	0	"
"6.5536E-5	16	6.5536E-5	12.1	6.5536E-5	0	"
"0.00013107	16	0.00013107	12.1	0.00013107	0	"
"0.00019661	16	0.00019661	12.1	0.00019661	0	"
"0.00026214	16	0.00026214	12.3	0.00026214	0	"
"0.00032768	16	0.00032768	12.1	0.00032768	0	"
"0.00039322	16	0.00039322	12.1	0.00039322	0	"
"0.00045875	16	0.00045875	12.3	0.00045875	0	"
"0.00052429	16	0.00052429	12.1	0.00052429	0	"
"0.00058982	16	0.00058982	12.1	0.00058982	0	"
"0.00065536	16	0.00065536	12.1	0.00065536	0	"
"0.0007209	16	0.0007209	12.1	0.0007209	0	"
"0.00078643	16	0.00078643	12.1	0.00078643	0	"
"0.00085197	16	0.00085197	12.1	0.00085197	0	"
"0.0009175	16	0.0009175	12.1	0.0009175	0	"
"0.00098304	16	0.00098304	12.1	0.00098304	0	"
"0.0010486	16	0.0010486	12.1	0.0010486	0	"
"0.0011141	16	0.0011141	12.1	0.0011141	0	"
"0.0011796	16	0.0011796	12.1	0.0011796	0	"
"0.0012452	16	0.0012452	11.8	0.0012452	0	"
"0.0013107	16	0.0013107	12.3	0.0013107	0	"
"0.0013763	16	0.0013763	12.3	0.0013763	0	"
"0.0014418	16	0.0014418	12.3	0.0014418	0	"
"0.0015073	16	0.0015073	12.1	0.0015073	0	"
"0.0015729	16	0.0015729	12.1	0.0015729	0	"
"0.0016384	16	0.0016384	11.8	0.0016384	0	"
"0.0017039	16	0.0017039	12.1	0.0017039	0	"
"0.0017695	16	0.0017695	12.1	0.0017695	0	"
"0.001835	16	0.001835	12.1	0.001835	0	"
"0.0019005	16	0.0019005	12.1	0.0019005	0	"
"0.0019661	16	0.0019661	11.8	0.0019661	0	"
"0.0020316	16	0.0020316	12.3	0.0020316	0	"
"0.0020972	16	0.0020972	12.3	0.0020972	0	"
"0.0021627	16	0.0021627	12.1	0.0021627	0	"
"0.0022282	16	0.0022282	12.1	0.0022282	0	"
"0.0022938	16	0.0022938	12.1	0.0022938	0	"
"0.0023593	16	0.0023593	12.3	0.0023593	0	"
"0.0024248	16	0.0024248	12.3	0.0024248	0	"
"0.0024904	16	0.0024904	12.1	0.0024904	0	"
"0.0025559	16	0.0025559	12.1	0.0025559	0	"
"0.0026214	16	0.0026214	12.1	0.0026214	0	"
"0.002687	16	0.002687	12.1	0.002687	0	"
"0.0027525	16	0.0027525	12.3	0.0027525	0	"
"0.002818	16	0.002818	12.1	0.002818	0	"
"0.0028836	16	0.0028836	12.1	0.0028836	0	"
"0.0029491	16	0.0029491	11.8	0.0029491	0	"
"0.0030147	16	0.0030147	12.1	0.0030147	0	"
"0.0030802	16	0.0030802	12.1	0.0030802	0	"
"0.0031457	16	0.0031457	11.8	0.0031457	0	"
"0.0032113	16	0.0032113	12.1	0.0032113	0	"
"0.0032768	16	0.0032768	12.1	0.0032768	0	"
"0.0033423	16	0.0033423	11.8	0.0033423	0	"
"0.0034079	16	0.0034079	12.6	0.0034079	0	"
"0.0034734	16	0.0034734	12.3	0.0034734	0	"
"0.0035389	16	0.0035389	12.1	0.0035389	0	"
"0.0036045	16	0.0036045	12.1	0.0036045	0	"
"0.00367	16	0.00367	12.1	0.00367	0	"
"0.0037356	16	0.0037356	12.1	0.0037356	0	"
"0.0038011	16	0.0038011	12.3	0.0038011	0	"
"0.0038666	16	0.0038666	12.1	0.0038666	0	"
"0.0039322	16	0.0039322	12.1	0.0039322	0	"
"0.0039977	16	0.0039977	12.1	0.0039977	0	"
"0.0040632	16	0.0040632	12.1	0.0040632	0	"
"0.0041288	16	0.0041288	12.1	0.0041288	0	"
"0.0041943	16	0.0041943	11.8	0.0041943	0	"
"0.0042598	16	0.0042598	12.1	0.0042598	0	"
"0.0043254	16	0.0043254	12.3	0.0043254	0	"
"0.0043909	16	0.0043909	12.3	0.0043909	0	"
"0.0044564	16	0.0044564	12.1	0.0044564	0	"
"0.004522	16	0.004522	12.1	0.004522	0	"
"0.0045875	16	0.0045875	12.1	0.0045875	0	"
"0.0046531	16	0.0046531	12.3	0.0046531	0	"
"0.0047186	16	0.0047186	12.3	0.0047186	0	"
"0.0047841	16	0.0047841	12.1	0.0047841	0	"
"0.0048497	16	0.0048497	12.3	0.0048497	0	"
"0.0049152	16	0.0049152	12.1	0.0049152	0	"
"0.0049807	16	0.0049807	12.1	0.0049807	0	"
"0.0050463	16	0.0050463	12.1	0.0050463	0	"
"0.0051118	16	0.0051118	12.1	0.0051118	0	"
"0.0051773	16	0.0051773	12.1	0.0051773	0	"
"0.0052429	16	0.0052429	12.1	0.0052429	0	"
"0.0053084	16	0.0053084	12.3	0.0053084	0	"
"0.005374	16	0.005374	12.1	0.005374	0	"
"0.0054395	16	0.0054395	12.1	0.0054395	0	"
"0.005505	16	0.005505	12.1	0.005505	0	"
"0.0055706	16	0.0055706	12.1	0.0055706	0	"
"0.0056361	16	0.0056361	12.1	0.0056361	0	"
"0.0057016	16	0.0057016	12.1	0.0057016	0	"
"0.0057672	16	0.0057672	12.1	0.0057672	0	"
"0.0058327	16	0.0058327	12.1	0.0058327	0	"
"0.0058982	16	0.0058982	12.1	0.0058982	0	"
"0.0059638	16	0.0059638	12.1	0.0059638	0	"
"0.0060293	16	0.0060293	12.1	0.0060293	0	"
"0.0060948	16	0.0060948	12.1	0.0060948	0	"
"0.0061604	16	0.0061604	12.1	0.0061604	0	"
"0.0062259	16	0.0062259	12.1	0.0062259	0	"
"0.0062915	16	0.0062915	12.3	0.0062915	0	"
"0.006357	16	0.006357	12.1	0.006357	0	"
"0.0064225	16	0.0064225	12.1	0.0064225	0	"
"0.0064881	16	0.0064881	12.3	0.0064881	0	"
"0.0065536	16	0.0065536	12.3	0.0065536	0	"
"0.0066191	16	0.0066191	12.1	0.0066191	0	"
"0.0066847	16	0.0066847	12.1	0.0066847	0	"
"0.0067502	16	0.0067502	12.1	0.0067502	0	"
"0.0068157	16	0.0068157	12.1	0.0068157	0	"
"0.0068813	16	0.0068813	12.1	0.0068813	0	"
"0.0069468	16	0.0069468	12.1	0.0069468	0	"
"0.0070124	16	0.0070124	12.1	0.0070124	0	"
"0.0070779	16	0.0070779	12.1	0.0070779	0	"
"0.0071434	16	0.0071434	12.1	0.0071434	0	"
"0.007209	16	0.007209	12.1	0.007209	0	"
"0.0072745	16	0.0072745	12.1	0.0072745	0	"
"0.00734	16	0.00734	12.1	0.00734	0	"
"0.0074056	16	0.0074056	12.3	0.0074056	0	"
"0.0074711	16	0.0074711	12.1	0.0074711	0	"
"0.0075366	16	0.0075366	12.1	0.0075366	0	"
"0.0076022	16	0.0076022	12.1	0.0076022	0	"
"0.0076677	16	0.0076677	12.1	0.0076677	0	"
"0.0077332	16	0.0077332	12.1	0.0077332	0	"
"0.0077988	16	0.0077988	12.1	0.0077988	0	"
"0.0078643	16	0.0078643	12.1	0.0078643	0	"
"0.0079299	16	0.0079299	11.8	0.0079299	0	"
"0.0079954	16	0.0079954	12.1	0.0079954	0	"
"0.0080609	16	0.0080609	12.1	0.0080609	0	"
"0.0081265	16	0.0081265	12.1	0.0081265	0	"
"0.008192	16	0.008192	12.3	0.008192	0	"
"0.0082575	16	0.0082575	12.1	0.0082575	0	"
"0.0083231	16	0.0083231	12.1	0.0083231	0	"
"0.0083886	16	0.0083886	12.6	0.0083886	0	"
"0.0084541	16	0.0084541	12.3	0.0084541	0	"
"0.0085197	16	0.0085197	12.1	0.0085197	0	"
"0.0085852	16	0.0085852	12.1	0.0085852	0	"
"0.0086508	16	0.0086508	12.1	0.0086508	0	"
"0.0087163	16	0.0087163	12.1	0.0087163	0	"
"0.0087818	16	0.0087818	12.1	0.0087818	0	"
"0.0088474	16	0.0088474	12.1	0.0088474	0	"
"0.0089129	16	0.0089129	12.1	0.0089129	0	"
"0.0089784	16	0.0089784	12.1	0.0089784	0	"
"0.009044	16	0.009044	12.1	0.009044	0	"
"0.0091095	16	0.0091095	12.3	0.0091095	0	"
"0.009175	16	0.009175	12.1	0.009175	0	"
"0.0092406	16	0.0092406	12.1	0.0092406	0	"
"0.0093061	16	0.0093061	12.3	0.0093061	0	"
"0.0093716	16	0.0093716	12.3	0.0093716	0	"
"0.0094372	16	0.0094372	12.3	0.0094372	0	"
"0.0095027	16	0.0095027	12.1	0.0095027	0	"
"0.0095683	16	0.0095683	12.1	0.0095683	0	"
"0.0096338	16	0.0096338	12.1	0.0096338	0	"
"0.0096993	16	0.0096993	12.1	0.0096993	0	"
"0.0097649	16	0.0097649	12.3	0.0097649	0	"
"0.0098304	16	0.0098304	12.1	0.0098304	0	"
"0.0098959	16	0.0098959	12.1	0.0098959	0	"
"0.0099615	16	0.0099615	12.1	0.0099615	0	"
"0.010027	16	0.010027	12.1	0.010027	0	"
"0.010093	16	0.010093	12.3	0.010093	0	"
"0.010158	16	0.010158	12.1	0.010158	0	"
"0.010224	16	0.010224	12.3	0.010224	0	"
"0.010289	16	0.010289	12.1	0.010289	0	"
"0.010355	16	0.010355	12.1	0.010355	0	"
"0.01042	16	0.01042	12.1	0.01042	0	"
"0.010486	16	0.010486	11.8	0.010486	0	"
"0.010551	16	0.010551	12.3	0.010551	0	"
"0.010617	16	0.010617	12.3	0.010617	0	"
"0.010682	16	0.010682	12.1	0.010682	0	"
"0.010748	16	0.010748	12.1	0.010748	0	"
"0.010813	16	0.010813	12.1	0.010813	0	"
"0.010879	16	0.010879	12.1	0.010879	0	"
"0.010945	16	0.010945	12.1	0.010945	0	"
"0.01101	16	0.01101	12.1	0.01101	0	"
"0.011076	16	0.011076	12.3	0.011076	0	"
"0.011141	16	0.011141	11.8	0.011141	0	"
"0.011207	16	0.011207	12.1	0.011207	0	"
"0.011272	16	0.011272	12.1	0.011272	0	"
"0.011338	16	0.011338	12.3	0.011338	0	"
"0.011403	16	0.011403	12.3	0.011403	0	"
"0.011469	16	0.011469	12.3	0.011469	0	"
"0.011534	16	0.011534	12.1	0.011534	0	"
"0.0116	16	0.0116	12.3	0.0116	0	"
"0.011665	16	0.011665	12.1	0.011665	0	"
"0.011731	16	0.011731	12.1	0.011731	0	"
"0.011796	16	0.011796	11.8	0.011796	0	"
"0.011862	16	0.011862	12.1	0.011862	0	"
"0.011928	16	0.011928	12.1	0.011928	0	"
"0.011993	16	0.011993	12.1	0.011993	0	"
"0.012059	16	0.012059	12.1	0.012059	0	"
"0.012124	16	0.012124	12.1	0.012124	0	"
"0.01219	16	0.01219	12.3	0.01219	0	"
"0.012255	16	0.012255	12.3	0.012255	0	"
"0.012321	16	0.012321	12.1	0.012321	0	"
"0.012386	16	0.012386	12.1	0.012386	0	"
"0.012452	16	0.012452	12.6	0.012452	0	"
"0.012517	16	0.012517	12.1	0.012517	0	"
"0.012583	16	0.012583	12.1	0.012583	0	"
"0.012648	16	0.012648	12.3	0.012648	0	"
"0.012714	16	0.012714	12.1	0.012714	0	"
"0.01278	16	0.01278	12.1	0.01278	0	"
"0.012845	16	0.012845	12.1	0.012845	0	"
"0.012911	16	0.012911	12.1	0.012911	0	"
"0.012976	16	0.012976	12.1	0.012976	0	"
"0.013042	16	0.013042	12.1	0.013042	0	"
"0.013107	16	0.013107	12.1	0.013107	0	"
"0.013173	16	0.013173	12.1	0.013173	0	"
"0.013238	16	0.013238	12.1	0.013238	0	"
"0.013304	16	0.013304	12.3	0.013304	0	"
"0.013369	16	0.013369	12.1	0.013369	0	"
"0.013435	16	0.013435	12.1	0.013435	0	"
"0.0135	16	0.0135	12.1	0.0135	0	"
"0.013566	16	0.013566	12.3	0.013566	0	"
"0.013631	16	0.013631	12.3	0.013631	0	"
"0.013697	16	0.013697	12.1	0.013697	0	"
"0.013763	16	0.013763	12.1	0.013763	0	"
"0.013828	16	0.013828	12.1	0.013828	0	"
"0.013894	16	0.013894	12.1	0.013894	0	"
"0.013959	16	0.013959	12.1	0.013959	0	"
"0.014025	16	0.014025	11.5	0.014025	0	"
"0.01409	16	0.01409	12.1	0.01409	0	"
"0.014156	16	0.014156	12.1	0.014156	0	"
"0.014221	16	0.014221	12.1	0.014221	0	"
"0.014287	16	0.014287	12.1	0.014287	0	"
"0.014352	16	0.014352	12.1	0.014352	0	"
"0.014418	16	0.014418	12.3	0.014418	0	"
"0.014483	16	0.014483	12.1	0.014483	0	"
"0.014549	16	0.014549	12.1	0.014549	0	"
"0.014615	16	0.014615	12.1	0.014615	0	"
"0.01468	16	0.01468	12.1	0.01468	0	"
"0.014746	16	0.014746	12.1	0.014746	0	"
"0.014811	16	0.014811	12.1	0.014811	0	"
"0.014877	16	0.014877	12.1	0.014877	0	"
"0.014942	16	0.014942	12.1	0.014942	0	"
"0.015008	16	0.015008	11.8	0.015008	0	"
"0.015073	16	0.015073	12.3	0.015073	0	"
"0.015139	16	0.015139	12.1	0.015139	0	"
"0.015204	16	0.015204	12.1	0.015204	0	"
"0.01527	16	0.01527	12.1	0.01527	0	"
"0.015335	16	0.015335	12.3	0.015335	0	"
"0.015401	16	0.015401	12.1	0.015401	0	"
"0.015466	16	0.015466	12.3	0.015466	0	"
"0.015532	16	0.015532	12.1	0.015532	0	"
"0.015598	16	0.015598	12.1	0.015598	0	"
"0.015663	16	0.015663	12.3	0.015663	0	"
"0.015729	16	0.015729	12.1	0.015729	0	"
"0.015794	16	0.015794	12.1	0.015794	0	"
"0.01586	16	0.01586	12.1	0.01586	0	"
"0.015925	16	0.015925	11.8	0.015925	0	"
"0.015991	16	0.015991	12.1	0.015991	0	"
"0.016056	16	0.016056	12.1	0.016056	0	"
"0.016122	16	0.016122	12.1	0.016122	0	"
"0.016187	16	0.016187	12.1	0.016187	0	"
"0.016253	16	0.016253	12.3	0.016253	0	"
"0.016318	16	0.016318	12.1	0.016318	0	"
"0.016384	16	0.016384	12.3	0.016384	0	"
"0.01645	16	0.01645	12.3	0.01645	0	"
"0.016515	16	0.016515	12.1	0.016515	0	"
"0.016581	16	0.016581	12.1	0.016581	0	"
"0.016646	16	0.016646	12.1	0.016646	0	"
"0.016712	16	0.016712	12.3	0.016712	0	"
"0.016777	16	0.016777	12.1	0.016777	0	"
"0.016843	16	0.016843	12.1	0.016843	0	"
"0.016908	16	0.016908	12.1	0.016908	0	"
"0.016974	16	0.016974	12.1	0.016974	0	"
"0.017039	16	0.017039	12.1	0.017039	0	"
"0.017105	16	0.017105	12.1	0.017105	0	"
"0.01717	16	0.01717	12.1	0.01717	0	"
"0.017236	16	0.017236	12.1	0.017236	0	"
"0.017302	16	0.017302	12.1	0.017302	0	"
"0.017367	16	0.017367	12.3	0.017367	0	"
"0.017433	16	0.017433	12.3	0.017433	0	"
"0.017498	16	0.017498	12.1	0.017498	0	"
"0.017564	16	0.017564	12.1	0.017564	0	"
"0.017629	16	0.017629	12.1	0.017629	0	"
"0.017695	16	0.017695	12.1	0.017695	0	"
"0.01776	16	0.01776	12.1	0.01776	0	"
"0.017826	16	0.017826	12.1	0.017826	0	"
"0.017891	16	0.017891	12.1	0.017891	0	"
"0.017957	16	0.017957	11.8	0.017957	0	"
"0.018022	16	0.018022	11.8	0.018022	0	"
"0.018088	16	0.018088	12.3	0.018088	0	"
"0.018153	16	0.018153	11.8	0.018153	0	"
"0.018219	16	0.018219	12.1	0.018219	0	"
"0.018285	16	0.018285	12.1	0.018285	0	"
"0.01835	16	0.01835	12.1	0.01835	0	"
"0.018416	16	0.018416	12.1	0.018416	0	"
"0.018481	16	0.018481	12.1	0.018481	0	"
"0.018547	16	0.018547	12.3	0.018547	0	"
"0.018612	16	0.018612	12.1	0.018612	0	"
"0.018678	16	0.018678	12.1	0.018678	0	"
"0.018743	16	0.018743	11.8	0.018743	0	"
"0.018809	16	0.018809	12.1	0.018809	0	"
"0.018874	16	0.018874	12.1	0.018874	0	"
"0.01894	16	0.01894	12.1	0.01894	0	"
"0.019005	16	0.019005	12.1	0.019005	0	"
"0.019071	16	0.019071	11.8	0.019071	0	"
"0.019137	16	0.019137	12.1	0.019137	0	"
"0.019202	16	0.019202	12.3	0.019202	0	"
"0.019268	16	0.019268	12.3	0.019268	0	"
"0.019333	16	0.019333	12.1	0.019333	0	"
"0.019399	16	0.019399	12.1	0.019399	0	"
"0.019464	16	0.019464	12.3	0.019464	0	"
"0.01953	16	0.01953	12.1	0.01953	0	"
"0.019595	16	0.019595	12.1	0.019595	0	"
"0.019661	16	0.019661	12.1	0.019661	0	"
"0.019726	16	0.019726	12.1	0.019726	0	"
"0.019792	16	0.019792	12.1	0.019792	0	"
"0.019857	16	0.019857	12.1	0.019857	0	"
"0.019923	16	0.019923	12.3	0.019923	0	"
"0.019988	16	0.019988	12.1	0.019988	0	"
"0.020054	16	0.020054	12.1	0.020054	0	"
"0.02012	16	0.02012	12.1	0.02012	0	"
"0.020185	16	0.020185	12.1	0.020185	0	"
"0.020251	16	0.020251	12.1	0.020251	0	"
"0.020316	16	0.020316	12.1	0.020316	0	"
"0.020382	16	0.020382	12.1	0.020382	0	"
"0.020447	16	0.020447	12.3	0.020447	0	"
"0.020513	16	0.020513	12.1	0.020513	0	"
"0.020578	16	0.020578	12.1	0.020578	0	"
"0.020644	16	0.020644	12.1	0.020644	0	"
"0.020709	16	0.020709	11.8	0.020709	0	"
"0.020775	16	0.020775	12.1	0.020775	0	"
"0.02084	16	0.02084	12.1	0.02084	0	"
"0.020906	16	0.020906	12.1	0.020906	0	"
"0.020972	16	0.020972	12.1	0.020972	0	"
"0.021037	16	0.021037	12.3	0.021037	0	"
"0.021103	16	0.021103	11.8	0.021103	0	"
"0.021168	16	0.021168	12.1	0.021168	0	"
"0.021234	16	0.021234	12.1	0.021234	0	"
"0.021299	16	0.021299	12.3	0.021299	0	"
"0.021365	16	0.021365	12.3	0.021365	0	"
"0.02143	16	0.02143	12.3	0.02143	0	"
"0.021496	16	0.021496	12.1	0.021496	0	"
"0.021561	16	0.021561	12.1	0.021561	0	"
"0.021627	16	0.021627	12.1	0.021627	0	"
"0.021692	16	0.021692	12.1	0.021692	0	"
"0.021758	16	0.021758	11.8	0.021758	0	"
"0.021823	16	0.021823	12.1	0.021823	0	"
"0.021889	16	0.021889	12.1	0.021889	0	"
"0.021955	16	0.021955	12.1	0.021955	0	"
"0.02202	16	0.02202	12.1	0.02202	0	"
"0.022086	16	0.022086	12.1	0.022086	0	"
"0.022151	16	0.022151	12.1	0.022151	0	"
"0.022217	16	0.022217	12.1	0.022217	0	"
"0.022282	16	0.022282	12.3	0.022282	0	"
"0.022348	16	0.022348	12.3	0.022348	0	"
"0.022413	16	0.022413	12.3	0.022413	0	"
"0.022479	16	0.022479	12.1	0.022479	0	"
"0.022544	16	0.022544	12.1	0.022544	0	"
"0.02261	16	0.02261	12.1	0.02261	0	"
"0.022675	16	0.022675	12.1	0.022675	0	"
"0.022741	16	0.022741	12.1	0.022741	0	"
"0.022807	16	0.022807	11.8	0.022807	0	"
"0.022872	16	0.022872	12.1	0.022872	0	"
"0.022938	16	0.022938	12.1	0.022938	0	"
"0.023003	16	0.023003	12.1	0.023003	0	"
"0.023069	16	0.023069	12.3	0.023069	0	"
"0.023134	16	0.023134	12.1	0.023134	0	"
"0.0232	16	0.0232	12.3	0.0232	0	"
"0.023265	16	0.023265	12.3	0.023265	0	"
"0.023331	16	0.023331	12.3	0.023331	0	"
"0.023396	16	0.023396	12.3	0.023396	0	"
"0.023462	16	0.023462	12.3	0.023462	0	"
"0.023527	16	0.023527	11.8	0.023527	0	"
"0.023593	16	0.023593	12.1	0.023593	0	"
"0.023658	16	0.023658	12.1	0.023658	0	"
"0.023724	16	0.023724	12.1	0.023724	0	"
"0.02379	16	0.02379	12.1	0.02379	0	"
"0.023855	16	0.023855	12.3	0.023855	0	"
"0.023921	16	0.023921	12.3	0.023921	0	"
"0.023986	16	0.023986	11.8	0.023986	0	"
"0.024052	16	0.024052	12.3	0.024052	0	"
"0.024117	16	0.024117	12.1	0.024117	0	"
"0.024183	16	0.024183	12.1	0.024183	0	"
"0.024248	16	0.024248	12.1	0.024248	0	"
"0.024314	16	0.024314	12.3	0.024314	0	"
"0.024379	16	0.024379	12.3	0.024379	0	"
"0.024445	16	0.024445	12.1	0.024445	0	"
"0.02451	16	0.02451	12.1	0.02451	0	"
"0.024576	16	0.024576	12.1	0.024576	0	"
"0.024642	16	0.024642	12.1	0.024642	0	"
"0.024707	16	0.024707	12.1	0.024707	0	"
"0.024773	16	0.024773	12.1	0.024773	0	"
"0.024838	16	0.024838	12.1	0.024838	0	"
"0.024904	16	0.024904	12.3	0.024904	0	"
"0.024969	16	0.024969	12.1	0.024969	0	"
"0.025035	16	0.025035	12.3	0.025035	0	"
"0.0251	16	0.0251	12.3	0.0251	0	"
"0.025166	16	0.025166	12.1	0.025166	0	"
"0.025231	16	0.025231	12.1	0.025231	0	"
"0.025297	16	0.025297	12.3	0.025297	0	"
"0.025362	16	0.025362	12.3	0.025362	0	"
"0.025428	16	0.025428	12.3	0.025428	0	"
"0.025494	16	0.025494	12.1	0.025494	0	"
"0.025559	16	0.025559	12.1	0.025559	0	"
"0.025625	16	0.025625	12.1	0.025625	0	"
"0.02569	16	0.02569	12.1	0.02569	0	"
"0.025756	16	0.025756	12.1	0.025756	0	"
"0.025821	16	0.025821	12.1	0.025821	0	"
"0.025887	16	0.025887	12.1	0.025887	0	"
"0.025952	16	0.025952	12.1	0.025952	0	"
"0.026018	16	0.026018	12.3	0.026018	0	"
"0.026083	16	0.026083	12.1	0.026083	0	"
"0.026149	16	0.026149	12.1	0.026149	0	"
"0.026214	16	0.026214	12.1	0.026214	0	"
"0.02628	16	0.02628	12.3	0.02628	0	"
"0.026345	16	0.026345	12.1	0.026345	0	"
"0.026411	16	0.026411	12.1	0.026411	0	"
"0.026477	16	0.026477	12.1	0.026477	0	"
"0.026542	16	0.026542	12.1	0.026542	0	"
"0.026608	16	0.026608	12.3	0.026608	0	"
"0.026673	16	0.026673	12.1	0.026673	0	"
"0.026739	16	0.026739	12.1	0.026739	0	"
"0.026804	16	0.026804	12.1	0.026804	0	"
"0.02687	16	0.02687	11.8	0.02687	0	"
"0.026935	16	0.026935	12.1	0.026935	0	"
"0.027001	16	0.027001	12.1	0.027001	0	"
"0.027066	16	0.027066	12.1	0.027066	0	"
"0.027132	16	0.027132	12.1	0.027132	0	"
"0.027197	16	0.027197	12.1	0.027197	0	"
"0.027263	16	0.027263	12.3	0.027263	0	"
"0.027329	16	0.027329	12.1	0.027329	0	"
"0.027394	16	0.027394	12.3	0.027394	0	"
"0.02746	16	0.02746	12.3	0.02746	0	"
"0.027525	16	0.027525	12.1	0.027525	0	"
"0.027591	16	0.027591	12.1	0.027591	0	"
"0.027656	16	0.027656	11.8	0.027656	0	"
"0.027722	16	0.027722	12.3	0.027722	0	"
"0.027787	16	0.027787	12.1	0.027787	0	"
"0.027853	16	0.027853	12.3	0.027853	0	"
"0.027918	16	0.027918	12.1	0.027918	0	"
"0.027984	16	0.027984	12.1	0.027984	0	"
"0.028049	16	0.028049	12.1	0.028049	0	"
"0.028115	16	0.028115	12.1	0.028115	0	"
"0.02818	16	0.02818	12.1	0.02818	0	"
"0.028246	16	0.028246	12.3	0.028246	0	"
"0.028312	16	0.028312	12.3	0.028312	0	"
"0.028377	16	0.028377	12.3	0.028377	0	"
"0.028443	16	0.028443	12.1	0.028443	0	"
"0.028508	16	0.028508	12.1	0.028508	0	"
"0.028574	16	0.028574	12.1	0.028574	0	"
"0.028639	16	0.028639	12.1	0.028639	0	"
"0.028705	16	0.028705	12.1	0.028705	0	"
"0.02877	16	0.02877	12.1	0.02877	0	"
"0.028836	16	0.028836	12.1	0.028836	0	"
"0.028901	16	0.028901	12.1	0.028901	0	"
"0.028967	16	0.028967	12.1	0.028967	0	"
"0.029032	16	0.029032	12.3	0.029032	0	"
"0.029098	16	0.029098	12.1	0.029098	0	"
"0.029164	16	0.029164	12.3	0.029164	0	"
"0.029229	16	0.029229	12.1	0.029229	0	"
"0.029295	16	0.029295	12.3	0.029295	0	"
"0.02936	16	0.02936	12.1	0.02936	0	"
"0.029426	16	0.029426	12.1	0.029426	0	"
"0.029491	16	0.029491	12.3	0.029491	0	"
"0.029557	16	0.029557	12.1	0.029557	0	"
"0.029622	16	0.029622	12.1	0.029622	0	"
"0.029688	16	0.029688	12.1	0.029688	0	"
"0.029753	16	0.029753	12.1	0.029753	0	"
"0.029819	16	0.029819	12.1	0.029819	0	"
"0.029884	16	0.029884	12.3	0.029884	0	"
"0.02995	16	0.02995	12.1	0.02995	0	"
"0.030015	16	0.030015	12.1	0.030015	0	"
"0.030081	16	0.030081	12.1	0.030081	0	"
"0.030147	16	0.030147	12.1	0.030147	0	"
"0.030212	16	0.030212	12.1	0.030212	0	"
"0.030278	16	0.030278	12.1	0.030278	0	"
"0.030343	16	0.030343	12.3	0.030343	0	"
"0.030409	16	0.030409	12.3	0.030409	0	"
"0.030474	16	0.030474	12.1	0.030474	0	"
"0.03054	16	0.03054	12.1	0.03054	0	"
"0.030605	16	0.030605	12.1	0.030605	0	"
"0.030671	16	0.030671	12.1	0.030671	0	"
"0.030736	16	0.030736	12.1	0.030736	0	"
"0.030802	16	0.030802	12.1	0.030802	0	"
"0.030867	16	0.030867	12.1	0.030867	0	"
"0.030933	16	0.030933	12.1	0.030933	0	"
"0.030999	16	0.030999	12.1	0.030999	0	"
"0.031064	16	0.031064	12.1	0.031064	0	"
"0.03113	16	0.03113	12.1	0.03113	0	"
"0.031195	16	0.031195	12.1	0.031195	0	"
"0.031261	16	0.031261	12.1	0.031261	0	"
"0.031326	16	0.031326	12.3	0.031326	0	"
"0.031392	16	0.031392	12.3	0.031392	0	"
"0.031457	16	0.031457	12.1	0.031457	0	"
"0.031523	16	0.031523	12.1	0.031523	0	"
"0.031588	16	0.031588	12.1	0.031588	0	"
"0.031654	16	0.031654	12.1	0.031654	0	"
"0.031719	16	0.031719	12.1	0.031719	0	"
"0.031785	16	0.031785	12.1	0.031785	0	"
"0.03185	16	0.03185	12.3	0.03185	0	"
"0.031916	16	0.031916	12.1	0.031916	0	"
"0.031982	16	0.031982	12.1	0.031982	0	"
"0.032047	16	0.032047	12.3	0.032047	0	"
"0.032113	16	0.032113	12.1	0.032113	0	"
"0.032178	16	0.032178	12.1	0.032178	0	"
"0.032244	16	0.032244	12.1	0.032244	0	"
"0.032309	16	0.032309	12.1	0.032309	0	"
"0.032375	16	0.032375	12.1	0.032375	0	"
"0.03244	16	0.03244	12.3	0.03244	0	"
"0.032506	16	0.032506	12.1	0.032506	0	"
"0.032571	16	0.032571	12.3	0.032571	0	"
"0.032637	16	0.032637	12.3	0.032637	0	"
"0.032702	16	0.032702	12.3	0.032702	0	"
"0.032768	16	0.032768	14	0.032768	0	"
"0.032834	16	0.032834	19.8	0.032834	0	"
"0.032899	16	0.032899	19.8	0.032899	0	"
"0.032965	16	0.032965	19.6	0.032965	0	"
"0.03303	16	0.03303	19.8	0.03303	0	"
"0.033096	16	0.033096	19.8	0.033096	0	"
"0.033161	16	0.033161	19.8	0.033161	0	"
"0.033227	16	0.033227	19.8	0.033227	0	"
"0.033292	16	0.033292	18.7	0.033292	0	"
"0.033358	16	0.033358	18.5	0.033358	0	"
"0.033423	16	0.033423	18.5	0.033423	0	"
"0.033489	16	0.033489	18.5	0.033489	0	"
"0.033554	16	0.033554	18.2	0.033554	0	"
"0.03362	16	0.03362	18.5	0.03362	0	"
"0.033686	16	0.033686	18.5	0.033686	0	"
"0.033751	16	0.033751	18.5	0.033751	0	"
"0.033817	16	0.033817	18.5	0.033817	0	"
"0.033882	16	0.033882	18.5	0.033882	0	"
"0.033948	16	0.033948	18.5	0.033948	0	"
"0.034013	16	0.034013	18.5	0.034013	0	"
"0.034079	16	0.034079	18.5	0.034079	0	"
"0.034144	16	0.034144	18.5	0.034144	0	"
"0.03421	16	0.03421	18.5	0.03421	0	"
"0.034275	16	0.034275	18.7	0.034275	0	"
"0.034341	16	0.034341	18.5	0.034341	0	"
"0.034406	16	0.034406	18.7	0.034406	0	"
"0.034472	16	0.034472	18.5	0.034472	0	"
"0.034537	16	0.034537	18.2	0.034537	0	"
"0.034603	16	0.034603	18.2	0.034603	0	"
"0.034669	16	0.034669	18.5	0.034669	0	"
"0.034734	16	0.034734	18.5	0.034734	0	"
"0.0348	16	0.0348	18.5	0.0348	0	"
"0.034865	16	0.034865	18.5	0.034865	0	"
"0.034931	16	0.034931	18.2	0.034931	0	"
"0.034996	16	0.034996	18.5	0.034996	0	"
"0.035062	16	0.035062	18.5	0.035062	0	"
"0.035127	16	0.035127	18.5	0.035127	0	"
"0.035193	16	0.035193	18.5	0.035193	0	"
"0.035258	16	0.035258	18.5	0.035258	0	"
"0.035324	16	0.035324	18.5	0.035324	0	"
"0.035389	16	0.035389	18.5	0.035389	0	"
"0.035455	16	0.035455	19.6	0.035455	0	"
"0.035521	16	0.035521	20.1	0.035521	0	"
"0.035586	16	0.035586	19.8	0.035586	0	"
"0.035652	16	0.035652	19.8	0.035652	0	"
"0.035717	16	0.035717	19.8	0.035717	0	"
"0.035783	16	0.035783	19.8	0.035783	0	"
"0.035848	16	0.035848	19.8	0.035848	0	"
"0.035914	16	0.035914	19.8	0.035914	0	"
"0.035979	16	0.035979	19.8	0.035979	0	"
"0.036045	16	0.036045	20.1	0.036045	0	"
"0.03611	16	0.03611	20.1	0.03611	0	"
"0.036176	16	0.036176	19.8	0.036176	0	"
"0.036241	16	0.036241	19.8	0.036241	0	"
"0.036307	16	0.036307	19.8	0.036307	0	"
"0.036372	16	0.036372	19.8	0.036372	0	"
"0.036438	16	0.036438	19.8	0.036438	0	"
"0.036504	16	0.036504	19.8	0.036504	0	"
"0.036569	16	0.036569	19.8	0.036569	0	"
"0.036635	16	0.036635	19.8	0.036635	0	"
"0.0367	16	0.0367	19.3	0.0367	0	"
"0.036766	16	0.036766	19	0.036766	0	"
"0.036831	16	0.036831	19.3	0.036831	0	"
"0.036897	16	0.036897	19.3	0.036897	0	"
"0.036962	16	0.036962	19.3	0.036962	0	"
"0.037028	16	0.037028	19.3	0.037028	0	"
"0.037093	16	0.037093	19.3	0.037093	0	"
"0.037159	16	0.037159	19	0.037159	0	"
"0.037224	16	0.037224	19.6	0.037224	0	"
"0.03729	16	0.03729	19.3	0.03729	0	"
"0.037356	16	0.037356	19.6	0.037356	0	"
"0.037421	16	0.037421	19.3	0.037421	0	"
"0.037487	16	0.037487	19.3	0.037487	0	"
"0.037552	16	0.037552	19.3	0.037552	0	"
"0.037618	16	0.037618	19.6	0.037618	0	"
"0.037683	16	0.037683	19.3	0.037683	0	"
"0.037749	16	0.037749	19.3	0.037749	0	"
"0.037814	16	0.037814	19.3	0.037814	0	"
"0.03788	16	0.03788	19.3	0.03788	0	"
"0.037945	16	0.037945	19.3	0.037945	0	"
"0.038011	16	0.038011	19.3	0.038011	0	"
"0.038076	16	0.038076	19.6	0.038076	0	"
"0.038142	16	0.038142	19	0.038142	0	"
"0.038207	16	0.038207	19.3	0.038207	0	"
"0.038273	16	0.038273	19.3	0.038273	0	"
"0.038339	16	0.038339	19.6	0.038339	0	"
"0.038404	16	0.038404	19.6	0.038404	0	"
"0.03847	16	0.03847	19.3	0.03847	0	"
"0.038535	16	0.038535	19.3	0.038535	0	"
"0.038601	16	0.038601	19.3	0.038601	0	"
"0.038666	16	0.038666	19.3	0.038666	0	"
"0.038732	16	0.038732	19.6	0.038732	0	"
"0.038797	16	0.038797	19.6	0.038797	0	"
"0.038863	16	0.038863	19.3	0.038863	0	"
"0.038928	16	0.038928	19.3	0.038928	0	"
"0.038994	16	0.038994	19.6	0.038994	0	"
"0.039059	16	0.039059	19.3	0.039059	0	"
"0.039125	16	0.039125	19.6	0.039125	0	"
"0.039191	16	0.039191	19.3	0.039191	0	"
"0.039256	16	0.039256	19.6	0.039256	0	"
"0.039322	16	0.039322	19.3	0.039322	0	"
"0.039387	16	0.039387	19.3	0.039387	0	"
"0.039453	16	0.039453	19.3	0.039453	0	"
"0.039518	16	0.039518	19.3	0.039518	0	"
"0.039584	16	0.039584	19.3	0.039584	0	"
"0.039649	16	0.039649	19.3	0.039649	0	"
"0.039715	16	0.039715	19.3	0.039715	0	"
"0.03978	16	0.03978	19.6	0.03978	0	"
"0.039846	16	0.039846	19.3	0.039846	0	"
"0.039911	16	0.039911	19.3	0.039911	0	"
"0.039977	16	0.039977	19.3	0.039977	0	"
"0.040042	16	0.040042	19.6	0.040042	0	"
"0.040108	16	0.040108	19.3	0.040108	0	"
"0.040174	16	0.040174	19.6	0.040174	0	"
"0.040239	16	0.040239	19.3	0.040239	0	"
"0.040305	16	0.040305	19.6	0.040305	0	"
"0.04037	16	0.04037	19.6	0.04037	0	"
"0.040436	16	0.040436	19.3	0.040436	0	"
"0.040501	16	0.040501	19.3	0.040501	0	"
"0.040567	16	0.040567	19.3	0.040567	0	"
"0.040632	16	0.040632	19.3	0.040632	0	"
"0.040698	16	0.040698	19.6	0.040698	0	"
"0.040763	16	0.040763	19.6	0.040763	0	"
"0.040829	16	0.040829	19.3	0.040829	0	"
"0.040894	16	0.040894	19.3	0.040894	0	"
"0.04096	16	0.04096	19.3	0.04096	0	"
"0.041026	16	0.041026	19.3	0.041026	0	"
"0.041091	16	0.041091	19.3	0.041091	0	"
"0.041157	16	0.041157	19.6	0.041157	0	"
"0.041222	16	0.041222	19.3	0.041222	0	"
"0.041288	16	0.041288	19.6	0.041288	0	"
"0.041353	16	0.041353	19.3	0.041353	0	"
"0.041419	16	0.041419	19.3	0.041419	0	"
"0.041484	16	0.041484	19.6	0.041484	0	"
"0.04155	16	0.04155	19.3	0.04155	0	"
"0.041615	16	0.041615	19.3	0.041615	0	"
"0.041681	16	0.041681	19.3	0.041681	0	"
"0.041746	16	0.041746	19.6	0.041746	0	"
"0.041812	16	0.041812	19.6	0.041812	0	"
"0.041878	16	0.041878	19.3	0.041878	0	"
"0.041943	16	0.041943	19.3	0.041943	0	"
"0.042009	16	0.042009	19.3	0.042009	0	"
"0.042074	16	0.042074	19.3	0.042074	0	"
"0.04214	16	0.04214	19.3	0.04214	0	"
"0.042205	16	0.042205	19.3	0.042205	0	"
"0.042271	16	0.042271	19.3	0.042271	0	"
"0.042336	16	0.042336	19.3	0.042336	0	"
"0.042402	16	0.042402	19.6	0.042402	0	"
"0.042467	16	0.042467	19.6	0.042467	0	"
"0.042533	16	0.042533	19.6	0.042533	0	"
"0.042598	16	0.042598	19.6	0.042598	0	"
"0.042664	16	0.042664	19.3	0.042664	0	"
"0.042729	16	0.042729	19.3	0.042729	0	"
"0.042795	16	0.042795	19.3	0.042795	0	"
"0.042861	16	0.042861	19.6	0.042861	0	"
"0.042926	16	0.042926	19.3	0.042926	0	"
"0.042992	16	0.042992	19.3	0.042992	0	"
"0.043057	16	0.043057	19.6	0.043057	0	"
"0.043123	16	0.043123	19.6	0.043123	0	"
"0.043188	16	0.043188	19.6	0.043188	0	"
"0.043254	16	0.043254	19.3	0.043254	0	"
"0.043319	16	0.043319	19.3	0.043319	0	"
"0.043385	16	0.043385	19.6	0.043385	0	"
"0.04345	16	0.04345	19.3	0.04345	0	"
"0.043516	16	0.043516	19.6	0.043516	0	"
"0.043581	16	0.043581	19.3	0.043581	0	"
"0.043647	16	0.043647	19.3	0.043647	0	"
"0.043713	16	0.043713	19.3	0.043713	0	"
"0.043778	16	0.043778	19.6	0.043778	0	"
"0.043844	16	0.043844	19.6	0.043844	0	"
"0.043909	16	0.043909	19.3	0.043909	0	"
"0.043975	16	0.043975	19.3	0.043975	0	"
"0.04404	16	0.04404	19.6	0.04404	0	"
"0.044106	16	0.044106	19.3	0.044106	0	"
"0.044171	16	0.044171	19.6	0.044171	0	"
"0.044237	16	0.044237	19.6	0.044237	0	"
"0.044302	16	0.044302	19.3	0.044302	0	"
"0.044368	16	0.044368	19.3	0.044368	0	"
"0.044433	16	0.044433	19.6	0.044433	0	"
"0.044499	16	0.044499	19.3	0.044499	0	"
"0.044564	16	0.044564	19.3	0.044564	0	"
"0.04463	16	0.04463	19.3	0.04463	0	"
"0.044696	16	0.044696	19.3	0.044696	0	"
"0.044761	16	0.044761	19.3	0.044761	0	"
"0.044827	16	0.044827	19.3	0.044827	0	"
"0.044892	16	0.044892	19.3	0.044892	0	"
"0.044958	16	0.044958	19.3	0.044958	0	"
"0.045023	16	0.045023	18.7	0.045023	0	"
"0.045089	16	0.045089	19.3	0.045089	0	"
"0.045154	16	0.045154	19.3	0.045154	0	"
"0.04522	16	0.04522	19.6	0.04522	0	"
"0.045285	16	0.045285	19.6	0.045285	0	"
"0.045351	16	0.045351	19.6	0.045351	0	"
"0.045416	16	0.045416	19.3	0.045416	0	"
"0.045482	16	0.045482	19.3	0.045482	0	"
"0.045548	16	0.045548	19.3	0.045548	0	"
"0.045613	16	0.045613	19.6	0.045613	0	"
"0.045679	16	0.045679	19.3	0.045679	0	"
"0.045744	16	0.045744	19.3	0.045744	0	"
"0.04581	16	0.04581	19.6	0.04581	0	"
"0.045875	16	0.045875	19.3	0.045875	0	"
"0.045941	16	0.045941	19.3	0.045941	0	"
"0.046006	16	0.046006	19.3	0.046006	0	"
"0.046072	16	0.046072	19.6	0.046072	0	"
"0.046137	16	0.046137	19.3	0.046137	0	"
"0.046203	16	0.046203	19.3	0.046203	0	"
"0.046268	16	0.046268	19.3	0.046268	0	"
"0.046334	16	0.046334	19.3	0.046334	0	"
"0.046399	16	0.046399	19.3	0.046399	0	"
"0.046465	16	0.046465	19.6	0.046465	0	"
"0.046531	16	0.046531	19.3	0.046531	0	"
"0.046596	16	0.046596	19.3	0.046596	0	"
"0.046662	16	0.046662	19.3	0.046662	0	"
"0.046727	16	0.046727	19.6	0.046727	0	"
"0.046793	16	0.046793	19.3	0.046793	0	"
"0.046858	16	0.046858	19.3	0.046858	0	"
"0.046924	16	0.046924	19.3	0.046924	0	"
"0.046989	16	0.046989	19.6	0.046989	0	"
"0.047055	16	0.047055	19.3	0.047055	0	"
"0.04712	16	0.04712	19.6	0.04712	0	"
"0.047186	16	0.047186	19.3	0.047186	0	"
"0.047251	16	0.047251	19.3	0.047251	0	"
"0.047317	16	0.047317	19.3	0.047317	0	"
"0.047383	16	0.047383	19.3	0.047383	0	"
"0.047448	16	0.047448	19.6	0.047448	0	"
"0.047514	16	0.047514	19.3	0.047514	0	"
"0.047579	16	0.047579	19.6	0.047579	0	"
"0.047645	16	0.047645	19.6	0.047645	0	"
"0.04771	16	0.04771	19.3	0.04771	0	"
"0.047776	16	0.047776	19.3	0.047776	0	"
"0.047841	16	0.047841	19.3	0.047841	0	"
"0.047907	16	0.047907	19.3	0.047907	0	"
"0.047972	16	0.047972	19.6	0.047972	0	"
"0.048038	16	0.048038	19.6	0.048038	0	"
"0.048103	16	0.048103	19.3	0.048103	0	"
"0.048169	16	0.048169	19.3	0.048169	0	"
"0.048234	16	0.048234	19.3	0.048234	0	"
"0.0483	16	0.0483	19.6	0.0483	0	"
"0.048366	16	0.048366	19.3	0.048366	0	"
"0.048431	16	0.048431	19.6	0.048431	0	"
"0.048497	16	0.048497	19.3	0.048497	0	"
"0.048562	16	0.048562	19.3	0.048562	0	"
"0.048628	16	0.048628	19.3	0.048628	0	"
"0.048693	16	0.048693	19.6	0.048693	0	"
"0.048759	16	0.048759	19.3	0.048759	0	"
"0.048824	16	0.048824	19.3	0.048824	0	"
"0.04889	16	0.04889	19.3	0.04889	0	"
"0.048955	16	0.048955	19.3	0.048955	0	"
"0.049021	16	0.049021	19	0.049021	0	"
"0.049086	16	0.049086	19.3	0.049086	0	"
"0.049152	16	0.049152	19.3	0.049152	0	"
"0.049218	16	0.049218	19.6	0.049218	0	"
"0.049283	16	0.049283	19.6	0.049283	0	"
"0.049349	16	0.049349	19.3	0.049349	0	"
"0.049414	16	0.049414	19.3	0.049414	0	"
"0.04948	16	0.04948	19.3	0.04948	0	"
"0.049545	16	0.049545	19.3	0.049545	0	"
"0.049611	16	0.049611	19.3	0.049611	0	"
"0.049676	16	0.049676	19.3	0.049676	0	"
"0.049742	16	0.049742	19.6	0.049742	0	"
"0.049807	16	0.049807	19.6	0.049807	0	"
"0.049873	16	0.049873	19.3	0.049873	0	"
"0.049938	16	0.049938	19.3	0.049938	0	"
"0.050004	16	0.050004	19.3	0.050004	0	"
"0.05007	16	0.05007	19.3	0.05007	0	"
"0.050135	16	0.050135	19.3	0.050135	0	"
"0.050201	16	0.050201	19.6	0.050201	0	"
"0.050266	16	0.050266	19.3	0.050266	0	"
"0.050332	16	0.050332	19.3	0.050332	0	"
"0.050397	16	0.050397	19.6	0.050397	0	"
"0.050463	16	0.050463	19.3	0.050463	0	"
"0.050528	16	0.050528	19.3	0.050528	0	"
"0.050594	16	0.050594	19.3	0.050594	0	"
"0.050659	16	0.050659	19.6	0.050659	0	"
"0.050725	16	0.050725	19.3	0.050725	0	"
"0.05079	16	0.05079	19.6	0.05079	0	"
"0.050856	16	0.050856	19.3	0.050856	0	"
"0.050921	16	0.050921	19.3	0.050921	0	"
"0.050987	16	0.050987	19.3	0.050987	0	"
"0.051053	16	0.051053	19.3	0.051053	0	"
"0.051118	16	0.051118	19.6	0.051118	0	"
"0.051184	16	0.051184	19.3	0.051184	0	"
"0.051249	16	0.051249	19.3	0.051249	0	"
"0.051315	16	0.051315	19.3	0.051315	0	"
"0.05138	16	0.05138	19.6	0.05138	0	"
"0.051446	16	0.051446	19.3	0.051446	0	"
"0.051511	16	0.051511	19	0.051511	0	"
"0.051577	16	0.051577	19.3	0.051577	0	"
"0.051642	16	0.051642	19.6	0.051642	0	"
"0.051708	16	0.051708	19.6	0.051708	0	"
"0.051773	16	0.051773	19.3	0.051773	0	"
"0.051839	16	0.051839	19.3	0.051839	0	"
"0.051905	16	0.051905	19.3	0.051905	0	"
"0.05197	16	0.05197	19.6	0.05197	0	"
"0.052036	16	0.052036	19.6	0.052036	0	"
"0.052101	16	0.052101	19.3	0.052101	0	"
"0.052167	16	0.052167	19.3	0.052167	0	"
"0.052232	16	0.052232	19.3	0.052232	0	"
"0.052298	16	0.052298	19.6	0.052298	0	"
"0.052363	16	0.052363	19.6	0.052363	0	"
"0.052429	16	0.052429	19.6	0.052429	0	"
"0.052494	16	0.052494	19.6	0.052494	0	"
"0.05256	16	0.05256	18.2	0.05256	0	"
"0.052625	16	0.052625	17.6	0.052625	0	"
"0.052691	16	0.052691	17.9	0.052691	0	"
"0.052756	16	0.052756	17.9	0.052756	0	"
"0.052822	16	0.052822	17.9	0.052822	0	"
"0.052888	16	0.052888	17.6	0.052888	0	"
"0.052953	16	0.052953	17.9	0.052953	0	"
"0.053019	16	0.053019	17.9	0.053019	0	"
"0.053084	16	0.053084	17.9	0.053084	0	"
"0.05315	16	0.05315	17.9	0.05315	0	"
"0.053215	16	0.053215	17.9	0.053215	0	"
"0.053281	16	0.053281	17.9	0.053281	0	"
"0.053346	16	0.053346	17.9	0.053346	0	"
"0.053412	16	0.053412	17.9	0.053412	0	"
"0.053477	16	0.053477	17.9	0.053477	0	"
"0.053543	16	0.053543	17.9	0.053543	0	"
"0.053608	16	0.053608	17.9	0.053608	0	"
"0.053674	16	0.053674	17.9	0.053674	0	"
"0.05374	16	0.05374	17.9	0.05374	0	"
"0.053805	16	0.053805	17.9	0.053805	0	"
"0.053871	16	0.053871	17.9	0.053871	0	"
"0.053936	16	0.053936	17.9	0.053936	0	"
"0.054002	16	0.054002	18.7	0.054002	0	"
"0.054067	16	0.054067	19.3	0.054067	0	"
"0.054133	16	0.054133	19	0.054133	0	"
"0.054198	16	0.054198	19	0.054198	0	"
"0.054264	16	0.054264	19.3	0.054264	0	"
"0.054329	16	0.054329	19.6	0.054329	0	"
"0.054395	16	0.054395	19.3	0.054395	0	"
"0.05446	16	0.05446	19.3	0.05446	0	"
"0.054526	16	0.054526	19.3	0.054526	0	"
"0.054591	16	0.054591	12.1	0.054591	0	"
"0.054657	16	0.054657	12.1	0.054657	0	"
"0.054723	16	0.054723	12.3	0.054723	0	"
"0.054788	16	0.054788	12.3	0.054788	0	"
"0.054854	16	0.054854	12.1	0.054854	0	"
"0.054919	16	0.054919	12.1	0.054919	0	"
"0.054985	16	0.054985	12.1	0.054985	0	"
"0.05505	16	0.05505	12.1	0.05505	0	"
"0.055116	16	0.055116	11.8	0.055116	0	"
"0.055181	16	0.055181	12.3	0.055181	0	"
"0.055247	16	0.055247	12.1	0.055247	0	"
"0.055312	16	0.055312	12.1	0.055312	0	"
"0.055378	16	0.055378	12.1	0.055378	0	"
"0.055443	16	0.055443	12.3	0.055443	0	"
"0.055509	16	0.055509	12.1	0.055509	0	"
"0.055575	16	0.055575	12.1	0.055575	0	"
"0.05564	16	0.05564	12.1	0.05564	0	"
"0.055706	16	0.055706	12.1	0.055706	0	"
"0.055771	16	0.055771	12.3	0.055771	0	"
"0.055837	16	0.055837	12.1	0.055837	0	"
"0.055902	16	0.055902	12.3	0.055902	0	"
"0.055968	16	0.055968	12.1	0.055968	0	"
"0.056033	16	0.056033	12.3	0.056033	0	"
"0.056099	16	0.056099	12.1	0.056099	0	"
"0.056164	16	0.056164	12.1	0.056164	0	"
"0.05623	16	0.05623	12.1	0.05623	0	"
"0.056295	16	0.056295	12.1	0.056295	0	"
"0.056361	16	0.056361	12.1	0.056361	0	"
"0.056426	16	0.056426	12.1	0.056426	0	"
"0.056492	16	0.056492	11.8	0.056492	0	"
"0.056558	16	0.056558	12.1	0.056558	0	"
"0.056623	16	0.056623	12.1	0.056623	0	"
"0.056689	16	0.056689	12.1	0.056689	0	"
"0.056754	16	0.056754	12.1	0.056754	0	"
"0.05682	16	0.05682	12.1	0.05682	0	"
"0.056885	16	0.056885	11.8	0.056885	0	"
"0.056951	16	0.056951	12.1	0.056951	0	"
"0.057016	16	0.057016	12.1	0.057016	0	"
"0.057082	16	0.057082	12.1	0.057082	0	"
"0.057147	16	0.057147	12.1	0.057147	0	"
"0.057213	16	0.057213	12.1	0.057213	0	"
"0.057278	16	0.057278	12.1	0.057278	0	"
"0.057344	16	0.057344	12.1	0.057344	0	"
"0.05741	16	0.05741	12.1	0.05741	0	"
"0.057475	16	0.057475	11.8	0.057475	0	"
"0.057541	16	0.057541	12.3	0.057541	0	"
"0.057606	16	0.057606	12.1	0.057606	0	"
"0.057672	16	0.057672	12.1	0.057672	0	"
"0.057737	16	0.057737	12.1	0.057737	0	"
"0.057803	16	0.057803	12.1	0.057803	0	"
"0.057868	16	0.057868	12.1	0.057868	0	"
"0.057934	16	0.057934	12.1	0.057934	0	"
"0.057999	16	0.057999	12.1	0.057999	0	"
"0.058065	16	0.058065	12.1	0.058065	0	"
"0.05813	16	0.05813	12.1	0.05813	0	"
"0.058196	16	0.058196	12.1	0.058196	0	"
"0.058262	16	0.058262	12.3	0.058262	0	"
"0.058327	16	0.058327	12.1	0.058327	0	"
"0.058393	16	0.058393	12.3	0.058393	0	"
"0.058458	16	0.058458	12.3	0.058458	0	"
"0.058524	16	0.058524	12.1	0.058524	0	"
"0.058589	16	0.058589	12.1	0.058589	0	"
"0.058655	16	0.058655	12.1	0.058655	0	"
"0.05872	16	0.05872	12.3	0.05872	0	"
"0.058786	16	0.058786	12.1	0.058786	0	"
"0.058851	16	0.058851	12.1	0.058851	0	"
"0.058917	16	0.058917	12.1	0.058917	0	"
"0.058982	16	0.058982	12.1	0.058982	0	"
"0.059048	16	0.059048	12.1	0.059048	0	"
"0.059113	16	0.059113	12.1	0.059113	0	"
"0.059179	16	0.059179	12.1	0.059179	0	"
"0.059245	16	0.059245	12.1	0.059245	0	"
"0.05931	16	0.05931	12.1	0.05931	0	"
"0.059376	16	0.059376	11.8	0.059376	0	"
"0.059441	16	0.059441	12.3	0.059441	0	"
"0.059507	16	0.059507	11.8	0.059507	0	"
"0.059572	16	0.059572	12.1	0.059572	0	"
"0.059638	16	0.059638	12.3	0.059638	0	"
"0.059703	16	0.059703	12.3	0.059703	0	"
"0.059769	16	0.059769	12.1	0.059769	0	"
"0.059834	16	0.059834	12.1	0.059834	0	"
"0.0599	16	0.0599	12.1	0.0599	0	"
"0.059965	16	0.059965	12.1	0.059965	0	"
"0.060031	16	0.060031	12.1	0.060031	0	"
"0.060097	16	0.060097	11.8	0.060097	0	"
"0.060162	16	0.060162	12.1	0.060162	0	"
"0.060228	16	0.060228	12.3	0.060228	0	"
"0.060293	16	0.060293	12.1	0.060293	0	"
"0.060359	16	0.060359	12.1	0.060359	0	"
"0.060424	16	0.060424	12.3	0.060424	0	"
"0.06049	16	0.06049	12.3	0.06049	0	"
"0.060555	16	0.060555	11.8	0.060555	0	"
"0.060621	16	0.060621	12.1	0.060621	0	"
"0.060686	16	0.060686	12.1	0.060686	0	"
"0.060752	16	0.060752	12.1	0.060752	0	"
"0.060817	16	0.060817	12.1	0.060817	0	"
"0.060883	16	0.060883	12.1	0.060883	0	"
"0.060948	16	0.060948	12.1	0.060948	0	"
"0.061014	16	0.061014	12.1	0.061014	0	"
"0.06108	16	0.06108	12.1	0.06108	0	"
"0.061145	16	0.061145	11.8	0.061145	0	"
"0.061211	16	0.061211	12.1	0.061211	0	"
"0.061276	16	0.061276	12.3	0.061276	0	"
"0.061342	16	0.061342	12.1	0.061342	0	"
"0.061407	16	0.061407	12.1	0.061407	0	"
"0.061473	16	0.061473	12.3	0.061473	0	"
"0.061538	16	0.061538	12.1	0.061538	0	"
"0.061604	16	0.061604	12.1	0.061604	0	"
"0.061669	16	0.061669	12.1	0.061669	0	"
"0.061735	16	0.061735	12.1	0.061735	0	"
"0.0618	16	0.0618	12.1	0.0618	0	"
"0.061866	16	0.061866	12.1	0.061866	0	"
"0.061932	16	0.061932	12.3	0.061932	0	"
"0.061997	16	0.061997	12.1	0.061997	0	"
"0.062063	16	0.062063	12.1	0.062063	0	"
"0.062128	16	0.062128	12.1	0.062128	0	"
"0.062194	16	0.062194	12.1	0.062194	0	"
"0.062259	16	0.062259	11.8	0.062259	0	"
"0.062325	16	0.062325	12.1	0.062325	0	"
"0.06239	16	0.06239	12.3	0.06239	0	"
"0.062456	16	0.062456	12.3	0.062456	0	"
"0.062521	16	0.062521	12.3	0.062521	0	"
"0.062587	16	0.062587	12.3	0.062587	0	"
"0.062652	16	0.062652	12.1	0.062652	0	"
"0.062718	16	0.062718	12.1	0.062718	0	"
"0.062783	16	0.062783	12.1	0.062783	0	"
"0.062849	16	0.062849	12.1	0.062849	0	"
"0.062915	16	0.062915	12.1	0.062915	0	"
"0.06298	16	0.06298	12.3	0.06298	0	"
"0.063046	16	0.063046	12.1	0.063046	0	"
"0.063111	16	0.063111	12.1	0.063111	0	"
"0.063177	16	0.063177	12.1	0.063177	0	"
"0.063242	16	0.063242	12.1	0.063242	0	"
"0.063308	16	0.063308	12.3	0.063308	0	"
"0.063373	16	0.063373	12.1	0.063373	0	"
"0.063439	16	0.063439	12.1	0.063439	0	"
"0.063504	16	0.063504	12.1	0.063504	0	"
"0.06357	16	0.06357	12.1	0.06357	0	"
"0.063635	16	0.063635	12.1	0.063635	0	"
"0.063701	16	0.063701	12.1	0.063701	0	"
"0.063767	16	0.063767	12.1	0.063767	0	"
"0.063832	16	0.063832	12.1	0.063832	0	"
"0.063898	16	0.063898	12.1	0.063898	0	"
"0.063963	16	0.063963	12.1	0.063963	0	"
"0.064029	16	0.064029	12.1	0.064029	0	"
"0.064094	16	0.064094	12.1	0.064094	0	"
"0.06416	16	0.06416	12.1	0.06416	0	"
"0.064225	16	0.064225	12.1	0.064225	0	"
"0.064291	16	0.064291	12.1	0.064291	0	"
"0.064356	16	0.064356	12.3	0.064356	0	"
"0.064422	16	0.064422	12.1	0.064422	0	"
"0.064487	16	0.064487	12.1	0.064487	0	"
"0.064553	16	0.064553	12.1	0.064553	0	"
"0.064618	16	0.064618	12.1	0.064618	0	"
"0.064684	16	0.064684	12.1	0.064684	0	"
"0.06475	16	0.06475	12.1	0.06475	0	"
"0.064815	16	0.064815	12.1	0.064815	0	"
"0.064881	16	0.064881	12.1	0.064881	0	"
"0.064946	16	0.064946	12.1	0.064946	0	"
"0.065012	16	0.065012	12.1	0.065012	0	"
"0.065077	16	0.065077	12.1	0.065077	0	"
"0.065143	16	0.065143	12.1	0.065143	0	"
"0.065208	16	0.065208	12.1	0.065208	0	"
"0.065274	16	0.065274	12.1	0.065274	0	"
"0.065339	16	0.065339	12.3	0.065339	0	"
"0.065405	16	0.065405	12.1	0.065405	0	"
"0.06547	16	0.06547	12.3	0.06547	0	"
"0.065536	16	0.065536	12.1	0.065536	0	"
"0.065602	16	0.065602	12.1	0.065602	0	"
"0.065667	16	0.065667	12.3	0.065667	0	"
"0.065733	16	0.065733	12.1	0.065733	0	"
"0.065798	16	0.065798	12.1	0.065798	0	"
"0.065864	16	0.065864	12.3	0.065864	0	"
"0.065929	16	0.065929	11.8	0.065929	0	"
"0.065995	16	0.065995	12.1	0.065995	0	"
"0.06606	16	0.06606	12.1	0.06606	0	"
"0.066126	16	0.066126	12.1	0.066126	0	"
"0.066191	16	0.066191	12.1	0.066191	0	"
"0.066257	16	0.066257	12.1	0.066257	0	"
"0.066322	16	0.066322	12.1	0.066322	0	"
"0.066388	16	0.066388	12.3	0.066388	0	"
"0.066454	16	0.066454	12.3	0.066454	0	"
"0.066519	16	0.066519	12.1	0.066519	0	"
"0.066585	16	0.066585	12.1	0.066585	0	"
