0,1.61,0.0000
6.5536E-5,1.61,6.5536E-5
0.00013107,1.67,0.00013107
0.00019661,1.61,0.00019661
0.00026214,1.61,0.00026214
0.00032768,1.61,0.00032768
0.00039322,1.61,0.00039322
0.00045875,1.61,0.00045875
0.00052429,1.61,0.00052429
0.00058982,1.56,0.00058982
0.00065536,1.61,0.00065536
0.0007209,1.61,0.00072090
0.00078643,1.67,0.00078643
0.00085197,1.61,0.00085197
0.0009175,1.56,0.00091750
0.00098304,1.61,0.00098304
0.0010486,1.67,0.0010486
0.0011141,1.61,0.0011141
0.0011796,1.67,0.0011796
0.0012452,1.67,0.0012452
0.0013107,1.5,0.0013107
0.0013763,1.61,0.0013763
0.0014418,1.61,0.0014418
0.0015073,1.61,0.0015073
0.0015729,1.5,0.0015729
0.0016384,1.61,0.0016384
0.0017039,1.61,0.0017039
0.0017695,1.56,0.0017695
0.001835,1.56,0.0018350
0.0019005,1.61,0.0019005
0.0019661,1.61,0.0019661
0.0020316,1.61,0.0020316
0.0020972,1.61,0.0020972
0.0021627,1.67,0.0021627
0.0022282,1.61,0.0022282
0.0022938,1.61,0.0022938
0.0023593,1.61,0.0023593
0.0024248,1.61,0.0024248
0.0024904,1.56,0.0024904
0.0025559,1.61,0.0025559
0.0026214,1.61,0.0026214
0.002687,1.61,0.0026870
0.0027525,1.61,0.0027525
0.002818,1.61,0.0028180
0.0028836,1.61,0.0028836
0.0029491,1.56,0.0029491
0.0030147,1.61,0.0030147
0.0030802,1.61,0.0030802
0.0031457,1.61,0.0031457
0.0032113,1.61,0.0032113
0.0032768,1.61,0.0032768
0.0033423,1.61,0.0033423
0.0034079,1.61,0.0034079
0.0034734,1.61,0.0034734
0.0035389,1.61,0.0035389
0.0036045,1.61,0.0036045
0.00367,1.61,0.0036700
0.0037356,1.61,0.0037356
0.0038011,1.61,0.0038011
0.0038666,1.61,0.0038666
0.0039322,1.61,0.0039322
0.0039977,1.61,0.0039977
0.0040632,1.56,0.0040632
0.0041288,1.67,0.0041288
0.0041943,1.61,0.0041943
0.0042598,1.61,0.0042598
0.0043254,1.56,0.0043254
0.0043909,1.61,0.0043909
0.0044564,1.61,0.0044564
0.004522,1.56,0.0045220
0.0045875,1.61,0.0045875
0.0046531,1.61,0.0046531
0.0047186,1.61,0.0047186
0.0047841,1.67,0.0047841
0.0048497,1.61,0.0048497
0.0049152,1.61,0.0049152
0.0049807,1.61,0.0049807
0.0050463,1.61,0.0050463
0.0051118,1.67,0.0051118
0.0051773,1.67,0.0051773
0.0052429,1.61,0.0052429
0.0053084,1.56,0.0053084
0.005374,1.61,0.0053740
0.0054395,1.56,0.0054395
0.005505,1.61,0.0055050
0.0055706,1.5,0.0055706
0.0056361,1.67,0.0056361
0.0057016,1.61,0.0057016
0.0057672,1.61,0.0057672
0.0058327,1.61,0.0058327
0.0058982,1.61,0.0058982
0.0059638,1.61,0.0059638
0.0060293,1.56,0.0060293
0.0060948,1.61,0.0060948
0.0061604,1.61,0.0061604
0.0062259,1.61,0.0062259
0.0062915,1.61,0.0062915
0.006357,1.56,0.0063570
0.0064225,1.61,0.0064225
0.0064881,1.61,0.0064881
0.0065536,1.61,0.0065536
0.0066191,1.61,0.0066191
0.0066847,1.61,0.0066847
0.0067502,1.56,0.0067502
0.0068157,1.61,0.0068157
0.0068813,1.56,0.0068813
0.0069468,1.61,0.0069468
0.0070124,1.56,0.0070124
0.0070779,1.61,0.0070779
0.0071434,1.61,0.0071434
0.007209,1.61,0.0072090
0.0072745,1.61,0.0072745
0.00734,1.61,0.0073400
0.0074056,1.61,0.0074056
0.0074711,1.61,0.0074711
0.0075366,1.61,0.0075366
0.0076022,1.61,0.0076022
0.0076677,1.56,0.0076677
0.0077332,1.61,0.0077332
0.0077988,1.61,0.0077988
0.0078643,1.56,0.0078643
0.0079299,1.61,0.0079299
0.0079954,1.61,0.0079954
0.0080609,1.61,0.0080609
0.0081265,1.56,0.0081265
0.008192,1.67,0.0081920
0.0082575,1.67,0.0082575
0.0083231,1.56,0.0083231
0.0083886,1.61,0.0083886
0.0084541,1.61,0.0084541
0.0085197,1.61,0.0085197
0.0085852,1.61,0.0085852
0.0086508,1.61,0.0086508
0.0087163,1.61,0.0087163
0.0087818,1.67,0.0087818
0.0088474,1.61,0.0088474
0.0089129,1.61,0.0089129
0.0089784,1.61,0.0089784
0.009044,1.67,0.0090440
0.0091095,1.56,0.0091095
0.009175,1.61,0.0091750
0.0092406,1.61,0.0092406
0.0093061,1.56,0.0093061
0.0093716,1.61,0.0093716
0.0094372,1.56,0.0094372
0.0095027,1.61,0.0095027
0.0095683,1.61,0.0095683
0.0096338,1.61,0.0096338
0.0096993,1.61,0.0096993
0.0097649,1.61,0.0097649
0.0098304,1.61,0.0098304
0.0098959,1.61,0.0098959
0.0099615,1.61,0.0099615
0.010027,1.56,0.010027
0.010093,1.61,0.010093
0.010158,1.61,0.010158
0.010224,1.61,0.010224
0.010289,1.61,0.010289
0.010355,1.61,0.010355
0.01042,1.61,0.010420
0.010486,1.61,0.010486
0.010551,1.67,0.010551
0.010617,1.61,0.010617
0.010682,1.56,0.010682
0.010748,1.61,0.010748
0.010813,1.56,0.010813
0.010879,1.61,0.010879
0.010945,1.61,0.010945
0.01101,1.56,0.011010
0.011076,1.61,0.011076
0.011141,1.61,0.011141
0.011207,1.73,0.011207
0.011272,1.61,0.011272
0.011338,1.61,0.011338
0.011403,1.61,0.011403
0.011469,1.61,0.011469
0.011534,1.61,0.011534
0.0116,1.61,0.011600
0.011665,1.56,0.011665
0.011731,1.61,0.011731
0.011796,1.61,0.011796
0.011862,1.56,0.011862
0.011928,1.56,0.011928
0.011993,1.56,0.011993
0.012059,1.61,0.012059
0.012124,1.79,0.012124
0.01219,3.83,0.012190
0.012255,5.48,0.012255
0.012321,4.69,0.012321
0.012386,3.66,0.012386
0.012452,3.49,0.012452
0.012517,3.38,0.012517
0.012583,3.44,0.012583
0.012648,3.44,0.012648
0.012714,3.38,0.012714
0.01278,3.44,0.012780
0.012845,3.38,0.012845
0.012911,3.38,0.012911
0.012976,3.38,0.012976
0.013042,3.38,0.013042
0.013107,3.38,0.013107
0.013173,3.44,0.013173
0.013238,3.44,0.013238
0.013304,3.32,0.013304
0.013369,3.38,0.013369
0.013435,3.38,0.013435
0.0135,3.38,0.013500
0.013566,3.44,0.013566
0.013631,3.38,0.013631
0.013697,3.44,0.013697
0.013763,3.38,0.013763
0.013828,3.38,0.013828
0.013894,3.38,0.013894
0.013959,3.38,0.013959
0.014025,3.38,0.014025
0.01409,3.38,0.014090
0.014156,3.44,0.014156
0.014221,3.44,0.014221
0.014287,3.38,0.014287
0.014352,3.38,0.014352
0.014418,3.38,0.014418
0.014483,3.38,0.014483
0.014549,3.38,0.014549
0.014615,3.38,0.014615
0.01468,3.38,0.014680
0.014746,3.44,0.014746
0.014811,3.38,0.014811
0.014877,3.38,0.014877
0.014942,3.38,0.014942
0.015008,3.32,0.015008
0.015073,4.97,0.015073
0.015139,5.6,0.015139
0.015204,5.71,0.015204
0.01527,5.71,0.015270
0.015335,5.71,0.015335
0.015401,5.6,0.015401
0.015466,5.6,0.015466
0.015532,5.54,0.015532
0.015598,5.54,0.015598
0.015663,5.54,0.015663
0.015729,5.6,0.015729
0.015794,5.54,0.015794
0.01586,5.6,0.015860
0.015925,5.54,0.015925
0.015991,5.54,0.015991
0.016056,5.6,0.016056
0.016122,5.54,0.016122
0.016187,5.6,0.016187
0.016253,5.54,0.016253
0.016318,5.54,0.016318
0.016384,5.54,0.016384
0.01645,5.6,0.016450
0.016515,5.54,0.016515
0.016581,5.48,0.016581
0.016646,5.6,0.016646
0.016712,5.6,0.016712
0.016777,5.6,0.016777
0.016843,5.54,0.016843
0.016908,5.54,0.016908
0.016974,5.6,0.016974
0.017039,5.6,0.017039
0.017105,5.54,0.017105
0.01717,5.54,0.017170
0.017236,5.54,0.017236
0.017302,5.48,0.017302
0.017367,5.48,0.017367
0.017433,5.54,0.017433
0.017498,5.6,0.017498
0.017564,5.54,0.017564
0.017629,5.6,0.017629
0.017695,5.54,0.017695
0.01776,5.54,0.017760
0.017826,5.54,0.017826
0.017891,5.54,0.017891
0.017957,5.6,0.017957
0.018022,5.6,0.018022
0.018088,5.54,0.018088
0.018153,5.54,0.018153
0.018219,5.54,0.018219
0.018285,5.54,0.018285
0.01835,5.54,0.018350
0.018416,5.54,0.018416
0.018481,5.48,0.018481
0.018547,5.48,0.018547
0.018612,5.54,0.018612
0.018678,5.54,0.018678
0.018743,5.54,0.018743
0.018809,5.54,0.018809
0.018874,5.54,0.018874
0.01894,5.6,0.018940
0.019005,5.54,0.019005
0.019071,5.54,0.019071
0.019137,5.54,0.019137
0.019202,5.54,0.019202
0.019268,5.6,0.019268
0.019333,5.54,0.019333
0.019399,5.54,0.019399
0.019464,5.54,0.019464
0.01953,5.54,0.019530
0.019595,5.54,0.019595
0.019661,3.89,0.019661
0.019726,3.38,0.019726
0.019792,3.32,0.019792
0.019857,3.26,0.019857
0.019923,3.32,0.019923
0.019988,3.32,0.019988
0.020054,3.32,0.020054
0.02012,3.32,0.020120
0.020185,3.26,0.020185
0.020251,3.32,0.020251
0.020316,3.26,0.020316
0.020382,3.32,0.020382
0.020447,3.26,0.020447
0.020513,3.38,0.020513
0.020578,3.38,0.020578
0.020644,3.32,0.020644
0.020709,3.32,0.020709
0.020775,3.26,0.020775
0.02084,3.32,0.020840
0.020906,4.12,0.020906
0.020972,5.37,0.020972
0.021037,5.09,0.021037
0.021103,2.3,0.021103
0.021168,1.79,0.021168
0.021234,1.67,0.021234
0.021299,1.61,0.021299
0.021365,1.61,0.021365
0.02143,1.61,0.021430
0.021496,1.61,0.021496
0.021561,1.56,0.021561
0.021627,1.61,0.021627
0.021692,1.61,0.021692
0.021758,1.56,0.021758
0.021823,1.61,0.021823
0.021889,1.61,0.021889
0.021955,1.61,0.021955
0.02202,1.61,0.022020
0.022086,1.61,0.022086
0.022151,1.56,0.022151
0.022217,1.61,0.022217
0.022282,1.56,0.022282
0.022348,1.61,0.022348
0.022413,1.61,0.022413
0.022479,1.61,0.022479
0.022544,1.61,0.022544
0.02261,1.61,0.022610
0.022675,1.61,0.022675
0.022741,1.56,0.022741
0.022807,1.61,0.022807
0.022872,1.61,0.022872
0.022938,1.61,0.022938
0.023003,1.56,0.023003
0.023069,1.56,0.023069
0.023134,1.61,0.023134
0.0232,1.56,0.023200
0.023265,1.61,0.023265
0.023331,1.56,0.023331
0.023396,1.56,0.023396
0.023462,1.61,0.023462
0.023527,1.61,0.023527
0.023593,1.61,0.023593
0.023658,1.61,0.023658
0.023724,1.61,0.023724
0.02379,1.61,0.023790
0.023855,1.61,0.023855
0.023921,1.56,0.023921
0.023986,1.61,0.023986
0.024052,1.61,0.024052
0.024117,1.67,0.024117
0.024183,1.61,0.024183
0.024248,1.61,0.024248
0.024314,1.61,0.024314
0.024379,1.61,0.024379
0.024445,1.61,0.024445
0.02451,1.61,0.024510
0.024576,1.61,0.024576
0.024642,1.56,0.024642
0.024707,1.61,0.024707
0.024773,1.5,0.024773
0.024838,1.61,0.024838
0.024904,1.56,0.024904
0.024969,1.61,0.024969
0.025035,1.56,0.025035
0.0251,1.61,0.025100
0.025166,1.56,0.025166
0.025231,1.61,0.025231
0.025297,1.67,0.025297
0.025362,1.61,0.025362
0.025428,1.56,0.025428
0.025494,1.61,0.025494
0.025559,1.61,0.025559
0.025625,1.61,0.025625
0.02569,1.61,0.025690
0.025756,1.61,0.025756
0.025821,1.56,0.025821
0.025887,1.61,0.025887
0.025952,1.61,0.025952
0.026018,1.61,0.026018
0.026083,1.56,0.026083
0.026149,1.61,0.026149
0.026214,1.67,0.026214
0.02628,1.61,0.026280
0.026345,1.61,0.026345
0.026411,1.56,0.026411
0.026477,1.61,0.026477
0.026542,1.61,0.026542
0.026608,1.56,0.026608
0.026673,1.61,0.026673
0.026739,1.61,0.026739
0.026804,1.61,0.026804
0.02687,1.56,0.026870
0.026935,1.61,0.026935
0.027001,1.61,0.027001
0.027066,1.61,0.027066
0.027132,1.61,0.027132
0.027197,1.61,0.027197
0.027263,1.61,0.027263
0.027329,1.56,0.027329
0.027394,1.61,0.027394
0.02746,1.61,0.027460
0.027525,1.61,0.027525
0.027591,1.61,0.027591
0.027656,1.61,0.027656
0.027722,1.61,0.027722
0.027787,1.56,0.027787
0.027853,1.56,0.027853
0.027918,1.61,0.027918
0.027984,1.61,0.027984
0.028049,1.56,0.028049
0.028115,1.61,0.028115
0.02818,1.67,0.028180
0.028246,1.67,0.028246
0.028312,1.61,0.028312
0.028377,1.56,0.028377
0.028443,1.61,0.028443
0.028508,1.5,0.028508
0.028574,1.61,0.028574
0.028639,1.61,0.028639
0.028705,1.61,0.028705
0.02877,1.5,0.028770
0.028836,1.56,0.028836
0.028901,1.61,0.028901
0.028967,1.61,0.028967
0.029032,1.56,0.029032
0.029098,1.61,0.029098
0.029164,1.67,0.029164
0.029229,1.61,0.029229
0.029295,1.61,0.029295
0.02936,1.56,0.029360
0.029426,1.56,0.029426
0.029491,1.56,0.029491
0.029557,1.61,0.029557
0.029622,1.61,0.029622
0.029688,1.61,0.029688
0.029753,1.56,0.029753
0.029819,1.56,0.029819
0.029884,1.61,0.029884
0.02995,1.56,0.029950
0.030015,1.61,0.030015
0.030081,1.61,0.030081
0.030147,1.67,0.030147
0.030212,1.61,0.030212
0.030278,1.67,0.030278
0.030343,1.61,0.030343
0.030409,1.56,0.030409
0.030474,1.61,0.030474
0.03054,1.67,0.030540
0.030605,1.61,0.030605
0.030671,1.61,0.030671
0.030736,1.61,0.030736
0.030802,1.61,0.030802
0.030867,1.61,0.030867
0.030933,1.61,0.030933
0.030999,1.61,0.030999
0.031064,1.61,0.031064
0.03113,1.67,0.031130
0.031195,1.61,0.031195
0.031261,1.61,0.031261
0.031326,1.61,0.031326
0.031392,1.61,0.031392
0.031457,1.56,0.031457
0.031523,1.56,0.031523
0.031588,1.61,0.031588
0.031654,1.61,0.031654
0.031719,1.67,0.031719
0.031785,1.61,0.031785
0.03185,1.56,0.031850
0.031916,1.61,0.031916
0.031982,1.67,0.031982
0.032047,1.61,0.032047
0.032113,1.61,0.032113
0.032178,1.61,0.032178
0.032244,1.56,0.032244
0.032309,1.61,0.032309
0.032375,1.56,0.032375
0.03244,1.61,0.032440
0.032506,1.5,0.032506
0.032571,1.61,0.032571
0.032637,1.61,0.032637
0.032702,1.61,0.032702
0.032768,1.56,0.032768
0.032834,1.61,0.032834
0.032899,1.61,0.032899
0.032965,1.61,0.032965
0.03303,1.56,0.033030
0.033096,1.61,0.033096
0.033161,1.67,0.033161
0.033227,1.67,0.033227
0.033292,1.61,0.033292
0.033358,1.61,0.033358
0.033423,1.61,0.033423
0.033489,1.56,0.033489
0.033554,1.56,0.033554
0.03362,1.61,0.033620
0.033686,1.56,0.033686
0.033751,1.61,0.033751
0.033817,1.61,0.033817
0.033882,1.61,0.033882
0.033948,1.56,0.033948
0.034013,1.56,0.034013
0.034079,1.61,0.034079
0.034144,1.67,0.034144
0.03421,1.67,0.034210
0.034275,1.61,0.034275
0.034341,1.56,0.034341
0.034406,1.61,0.034406
0.034472,1.61,0.034472
0.034537,1.56,0.034537
0.034603,1.61,0.034603
0.034669,1.56,0.034669
0.034734,1.56,0.034734
0.0348,1.61,0.034800
0.034865,1.61,0.034865
0.034931,1.61,0.034931
0.034996,1.61,0.034996
0.035062,1.61,0.035062
0.035127,1.61,0.035127
0.035193,1.61,0.035193
0.035258,1.61,0.035258
0.035324,1.61,0.035324
0.035389,1.61,0.035389
0.035455,1.61,0.035455
0.035521,1.61,0.035521
0.035586,1.61,0.035586
0.035652,1.61,0.035652
0.035717,1.67,0.035717
0.035783,1.61,0.035783
0.035848,1.56,0.035848
0.035914,1.61,0.035914
0.035979,1.56,0.035979
0.036045,1.61,0.036045
0.03611,1.61,0.036110
0.036176,1.61,0.036176
0.036241,1.5,0.036241
0.036307,1.61,0.036307
0.036372,1.61,0.036372
0.036438,1.61,0.036438
0.036504,1.56,0.036504
0.036569,1.56,0.036569
0.036635,1.61,0.036635
0.0367,1.61,0.036700
0.036766,1.56,0.036766
0.036831,1.61,0.036831
0.036897,1.61,0.036897
0.036962,1.56,0.036962
0.037028,1.61,0.037028
0.037093,1.61,0.037093
0.037159,1.61,0.037159
0.037224,1.61,0.037224
0.03729,1.67,0.037290
0.037356,1.61,0.037356
0.037421,1.61,0.037421
0.037487,1.61,0.037487
0.037552,1.61,0.037552
0.037618,1.56,0.037618
0.037683,1.61,0.037683
0.037749,1.56,0.037749
0.037814,1.56,0.037814
0.03788,1.61,0.037880
0.037945,1.61,0.037945
0.038011,1.61,0.038011
0.038076,1.56,0.038076
0.038142,1.61,0.038142
0.038207,1.61,0.038207
0.038273,1.61,0.038273
0.038339,1.61,0.038339
0.038404,1.61,0.038404
0.03847,1.56,0.038470
0.038535,1.61,0.038535
0.038601,1.61,0.038601
0.038666,1.61,0.038666
0.038732,1.61,0.038732
0.038797,1.56,0.038797
0.038863,1.61,0.038863
0.038928,1.61,0.038928
0.038994,1.61,0.038994
0.039059,1.61,0.039059
0.039125,1.61,0.039125
0.039191,1.61,0.039191
0.039256,1.61,0.039256
0.039322,1.56,0.039322
0.039387,1.61,0.039387
0.039453,1.67,0.039453
0.039518,1.61,0.039518
0.039584,1.61,0.039584
0.039649,1.61,0.039649
0.039715,1.61,0.039715
0.03978,1.61,0.039780
0.039846,1.61,0.039846
0.039911,1.61,0.039911
0.039977,1.56,0.039977
0.040042,1.61,0.040042
0.040108,1.56,0.040108
0.040174,1.61,0.040174
0.040239,1.5,0.040239
0.040305,1.67,0.040305
0.04037,1.61,0.040370
0.040436,1.61,0.040436
0.040501,1.56,0.040501
0.040567,1.61,0.040567
0.040632,1.61,0.040632
0.040698,1.61,0.040698
0.040763,1.61,0.040763
0.040829,1.61,0.040829
0.040894,1.61,0.040894
0.04096,1.61,0.040960
0.041026,1.56,0.041026
0.041091,1.61,0.041091
0.041157,1.67,0.041157
0.041222,1.61,0.041222
0.041288,1.56,0.041288
0.041353,1.61,0.041353
0.041419,1.61,0.041419
0.041484,1.61,0.041484
0.04155,1.56,0.041550
0.041615,1.61,0.041615
0.041681,1.61,0.041681
0.041746,1.56,0.041746
0.041812,1.61,0.041812
0.041878,1.56,0.041878
0.041943,1.56,0.041943
0.042009,1.61,0.042009
0.042074,1.56,0.042074
0.04214,1.61,0.042140
0.042205,1.61,0.042205
0.042271,1.61,0.042271
0.042336,1.61,0.042336
0.042402,1.61,0.042402
0.042467,1.61,0.042467
0.042533,1.61,0.042533
0.042598,1.56,0.042598
0.042664,1.56,0.042664
0.042729,1.56,0.042729
0.042795,1.61,0.042795
0.042861,1.61,0.042861
0.042926,1.61,0.042926
0.042992,1.61,0.042992
0.043057,1.61,0.043057
0.043123,1.56,0.043123
0.043188,1.67,0.043188
0.043254,1.61,0.043254
0.043319,1.56,0.043319
0.043385,1.61,0.043385
0.04345,1.56,0.043450
0.043516,1.56,0.043516
0.043581,1.61,0.043581
0.043647,1.61,0.043647
0.043713,1.56,0.043713
0.043778,1.56,0.043778
0.043844,1.61,0.043844
0.043909,1.61,0.043909
0.043975,1.44,0.043975
0.04404,1.56,0.044040
0.044106,1.67,0.044106
0.044171,1.67,0.044171
0.044237,1.56,0.044237
0.044302,1.61,0.044302
0.044368,1.61,0.044368
0.044433,1.56,0.044433
0.044499,1.61,0.044499
0.044564,1.61,0.044564
0.04463,1.56,0.044630
0.044696,1.56,0.044696
0.044761,1.56,0.044761
0.044827,1.56,0.044827
0.044892,1.61,0.044892
0.044958,1.56,0.044958
0.045023,1.61,0.045023
0.045089,1.61,0.045089
0.045154,1.61,0.045154
0.04522,1.61,0.045220
0.045285,1.67,0.045285
0.045351,1.61,0.045351
0.045416,1.61,0.045416
0.045482,1.61,0.045482
0.045548,1.56,0.045548
0.045613,1.56,0.045613
0.045679,1.61,0.045679
0.045744,1.61,0.045744
0.04581,1.61,0.045810
0.045875,1.61,0.045875
0.045941,1.61,0.045941
0.046006,1.61,0.046006
0.046072,1.61,0.046072
0.046137,1.73,0.046137
0.046203,1.61,0.046203
0.046268,1.61,0.046268
0.046334,1.61,0.046334
0.046399,1.56,0.046399
0.046465,1.61,0.046465
0.046531,1.61,0.046531
0.046596,1.61,0.046596
0.046662,1.61,0.046662
0.046727,1.61,0.046727
0.046793,1.61,0.046793
0.046858,1.56,0.046858
0.046924,1.67,0.046924
0.046989,1.61,0.046989
0.047055,1.61,0.047055
0.04712,1.61,0.047120
0.047186,1.56,0.047186
0.047251,1.61,0.047251
0.047317,1.61,0.047317
0.047383,1.61,0.047383
0.047448,1.61,0.047448
0.047514,1.61,0.047514
0.047579,1.56,0.047579
0.047645,1.61,0.047645
0.04771,1.56,0.047710
0.047776,1.61,0.047776
0.047841,1.56,0.047841
0.047907,1.61,0.047907
0.047972,1.5,0.047972
0.048038,1.61,0.048038
0.048103,1.61,0.048103
0.048169,1.61,0.048169
0.048234,1.61,0.048234
0.0483,1.61,0.048300
0.048366,1.61,0.048366
0.048431,1.61,0.048431
0.048497,1.61,0.048497
0.048562,1.61,0.048562
0.048628,1.61,0.048628
0.048693,1.56,0.048693
0.048759,1.56,0.048759
0.048824,1.61,0.048824
0.04889,1.61,0.048890
0.048955,1.61,0.048955
0.049021,1.61,0.049021
0.049086,1.61,0.049086
0.049152,1.56,0.049152
0.049218,1.56,0.049218
0.049283,1.61,0.049283
0.049349,1.61,0.049349
0.049414,1.61,0.049414
0.04948,1.56,0.049480
0.049545,1.56,0.049545
0.049611,1.61,0.049611
0.049676,1.56,0.049676
0.049742,1.61,0.049742
0.049807,1.56,0.049807
0.049873,1.61,0.049873
0.049938,1.61,0.049938
0.050004,1.61,0.050004
0.05007,1.56,0.050070
0.050135,1.67,0.050135
0.050201,1.61,0.050201
0.050266,1.67,0.050266
0.050332,1.61,0.050332
0.050397,1.67,0.050397
0.050463,1.56,0.050463
0.050528,1.61,0.050528
0.050594,1.61,0.050594
0.050659,1.67,0.050659
0.050725,1.61,0.050725
0.05079,1.61,0.050790
0.050856,1.56,0.050856
0.050921,1.56,0.050921
0.050987,1.61,0.050987
0.051053,1.56,0.051053
0.051118,1.67,0.051118
0.051184,1.61,0.051184
0.051249,1.61,0.051249
0.051315,1.61,0.051315
0.05138,1.61,0.051380
0.051446,1.5,0.051446
0.051511,1.61,0.051511
0.051577,1.67,0.051577
0.051642,1.61,0.051642
0.051708,1.5,0.051708
0.051773,1.61,0.051773
0.051839,1.61,0.051839
0.051905,1.61,0.051905
0.05197,1.56,0.051970
0.052036,1.61,0.052036
0.052101,1.61,0.052101
0.052167,1.61,0.052167
0.052232,1.61,0.052232
0.052298,1.61,0.052298
0.052363,1.61,0.052363
0.052429,1.61,0.052429
0.052494,1.61,0.052494
0.05256,1.61,0.052560
0.052625,1.56,0.052625
0.052691,1.61,0.052691
0.052756,1.56,0.052756
0.052822,1.61,0.052822
0.052888,1.61,0.052888
0.052953,1.56,0.052953
0.053019,1.56,0.053019
0.053084,1.61,0.053084
0.05315,1.56,0.053150
0.053215,1.67,0.053215
0.053281,1.61,0.053281
0.053346,1.61,0.053346
0.053412,1.61,0.053412
0.053477,1.61,0.053477
0.053543,1.56,0.053543
0.053608,1.61,0.053608
0.053674,1.61,0.053674
0.05374,1.61,0.053740
0.053805,1.56,0.053805
0.053871,1.61,0.053871
0.053936,1.61,0.053936
0.054002,1.61,0.054002
0.054067,1.56,0.054067
0.054133,1.61,0.054133
0.054198,1.67,0.054198
0.054264,1.61,0.054264
0.054329,1.61,0.054329
0.054395,1.67,0.054395
0.05446,1.56,0.054460
0.054526,1.56,0.054526
0.054591,1.56,0.054591
0.054657,1.56,0.054657
0.054723,1.56,0.054723
0.054788,1.61,0.054788
0.054854,1.61,0.054854
0.054919,1.56,0.054919
0.054985,1.61,0.054985
0.05505,1.61,0.055050
0.055116,1.61,0.055116
0.055181,1.56,0.055181
0.055247,1.73,0.055247
0.055312,1.56,0.055312
0.055378,1.61,0.055378
0.055443,1.56,0.055443
0.055509,1.61,0.055509
0.055575,1.61,0.055575
0.05564,1.61,0.055640
0.055706,1.5,0.055706
0.055771,1.61,0.055771
0.055837,1.61,0.055837
0.055902,1.61,0.055902
0.055968,1.56,0.055968
0.056033,1.61,0.056033
0.056099,1.61,0.056099
0.056164,1.67,0.056164
0.05623,1.61,0.056230
0.056295,1.61,0.056295
0.056361,1.61,0.056361
0.056426,1.56,0.056426
0.056492,1.61,0.056492
0.056558,1.61,0.056558
0.056623,1.56,0.056623
0.056689,1.56,0.056689
0.056754,1.61,0.056754
0.05682,1.61,0.056820
0.056885,1.61,0.056885
0.056951,1.56,0.056951
0.057016,1.56,0.057016
0.057082,1.61,0.057082
0.057147,1.67,0.057147
0.057213,1.61,0.057213
0.057278,1.67,0.057278
0.057344,1.61,0.057344
0.05741,1.61,0.057410
0.057475,1.56,0.057475
0.057541,1.61,0.057541
0.057606,1.61,0.057606
0.057672,1.61,0.057672
0.057737,1.56,0.057737
0.057803,1.61,0.057803
0.057868,1.61,0.057868
0.057934,1.56,0.057934
0.057999,1.56,0.057999
0.058065,1.61,0.058065
0.05813,1.67,0.058130
0.058196,1.61,0.058196
0.058262,1.67,0.058262
0.058327,1.61,0.058327
0.058393,1.56,0.058393
0.058458,1.61,0.058458
0.058524,1.56,0.058524
0.058589,1.61,0.058589
0.058655,1.5,0.058655
0.05872,1.61,0.058720
0.058786,1.61,0.058786
0.058851,1.56,0.058851
0.058917,1.56,0.058917
0.058982,1.61,0.058982
0.059048,1.56,0.059048
0.059113,1.61,0.059113
0.059179,1.61,0.059179
0.059245,1.61,0.059245
0.05931,1.61,0.059310
0.059376,1.61,0.059376
0.059441,1.5,0.059441
0.059507,1.56,0.059507
0.059572,1.61,0.059572
0.059638,1.61,0.059638
0.059703,1.56,0.059703
0.059769,1.61,0.059769
0.059834,1.61,0.059834
0.0599,1.61,0.059900
0.059965,1.56,0.059965
0.060031,1.61,0.060031
0.060097,1.56,0.060097
0.060162,1.61,0.060162
0.060228,1.61,0.060228
0.060293,1.61,0.060293
0.060359,1.61,0.060359
0.060424,1.61,0.060424
0.06049,1.56,0.060490
0.060555,1.61,0.060555
0.060621,1.61,0.060621
0.060686,1.56,0.060686
0.060752,1.61,0.060752
0.060817,1.61,0.060817
0.060883,1.56,0.060883
0.060948,1.61,0.060948
0.061014,1.61,0.061014
0.06108,1.61,0.061080
0.061145,1.61,0.061145
0.061211,1.61,0.061211
0.061276,1.61,0.061276
0.061342,1.56,0.061342
0.061407,1.61,0.061407
0.061473,1.61,0.061473
0.061538,1.61,0.061538
0.061604,1.67,0.061604
0.061669,1.61,0.061669
0.061735,1.61,0.061735
0.0618,1.67,0.061800
0.061866,1.73,0.061866
0.061932,1.61,0.061932
0.061997,1.61,0.061997
0.062063,1.61,0.062063
0.062128,1.61,0.062128
0.062194,1.61,0.062194
0.062259,1.67,0.062259
0.062325,1.56,0.062325
0.06239,1.56,0.062390
0.062456,1.61,0.062456
0.062521,1.61,0.062521
0.062587,1.61,0.062587
0.062652,1.61,0.062652
0.062718,1.56,0.062718
0.062783,1.61,0.062783
0.062849,1.56,0.062849
0.062915,1.56,0.062915
0.06298,1.61,0.062980
0.063046,1.61,0.063046
0.063111,1.61,0.063111
0.063177,1.56,0.063177
0.063242,1.67,0.063242
0.063308,1.61,0.063308
0.063373,1.56,0.063373
0.063439,1.5,0.063439
0.063504,1.61,0.063504
0.06357,1.56,0.063570
0.063635,1.61,0.063635
0.063701,1.56,0.063701
0.063767,1.61,0.063767
0.063832,1.61,0.063832
0.063898,1.61,0.063898
0.063963,1.61,0.063963
0.064029,1.61,0.064029
0.064094,1.56,0.064094
0.06416,1.61,0.064160
0.064225,1.61,0.064225
0.064291,1.67,0.064291
0.064356,1.56,0.064356
0.064422,1.61,0.064422
0.064487,1.61,0.064487
0.064553,1.61,0.064553
0.064618,1.56,0.064618
0.064684,1.56,0.064684
0.06475,1.56,0.064750
0.064815,1.61,0.064815
0.064881,1.61,0.064881
0.064946,1.61,0.064946
0.065012,1.56,0.065012
0.065077,1.61,0.065077
0.065143,1.61,0.065143
0.065208,1.61,0.065208
0.065274,1.67,0.065274
0.065339,1.67,0.065339
0.065405,1.61,0.065405
0.06547,1.56,0.065470
0.065536,1.61,0.065536
0.065602,1.67,0.065602
0.065667,1.56,0.065667
0.065733,1.61,0.065733
0.065798,1.61,0.065798
0.065864,1.56,0.065864
0.065929,1.61,0.065929
0.065995,1.61,0.065995
0.06606,1.56,0.066060
0.066126,1.61,0.066126
0.066191,1.61,0.066191
0.066257,1.56,0.066257
0.066322,1.61,0.066322
0.066388,1.56,0.066388
0.066454,1.61,0.066454
0.066519,1.61,0.066519
0.066585,1.56,0.066585
0.06665,1.56,0.066650
0.066716,1.61,0.066716
0.066781,1.56,0.066781
0.066847,1.56,0.066847
0.066912,1.56,0.066912
0.066978,1.61,0.066978
0.067043,1.61,0.067043
0.067109,1.61,0.067109
0.067174,1.5,0.067174
0.06724,1.61,0.067240
0.067305,1.56,0.067305
0.067371,1.61,0.067371
0.067437,1.56,0.067437
0.067502,1.61,0.067502
0.067568,1.61,0.067568
0.067633,1.56,0.067633
0.067699,1.61,0.067699
0.067764,1.61,0.067764
0.06783,1.61,0.067830
0.067895,1.61,0.067895
0.067961,1.61,0.067961
0.068026,1.61,0.068026
0.068092,1.61,0.068092
0.068157,1.67,0.068157
0.068223,1.67,0.068223
0.068289,1.67,0.068289
0.068354,1.61,0.068354
0.06842,1.61,0.068420
0.068485,1.56,0.068485
0.068551,1.61,0.068551
0.068616,1.61,0.068616
0.068682,1.61,0.068682
0.068747,1.61,0.068747
0.068813,1.61,0.068813
0.068878,1.61,0.068878
0.068944,1.61,0.068944
0.069009,1.61,0.069009
0.069075,1.61,0.069075
0.06914,1.61,0.069140
0.069206,1.61,0.069206
0.069272,1.67,0.069272
0.069337,1.67,0.069337
0.069403,1.61,0.069403
0.069468,1.56,0.069468
0.069534,1.61,0.069534
0.069599,1.61,0.069599
0.069665,1.61,0.069665
0.06973,1.61,0.069730
0.069796,1.61,0.069796
0.069861,1.56,0.069861
0.069927,1.61,0.069927
0.069992,1.61,0.069992
0.070058,1.56,0.070058
0.070124,1.61,0.070124
0.070189,1.61,0.070189
0.070255,1.67,0.070255
0.07032,1.56,0.070320
0.070386,1.56,0.070386
0.070451,1.61,0.070451
0.070517,1.56,0.070517
0.070582,1.61,0.070582
0.070648,1.61,0.070648
0.070713,1.61,0.070713
0.070779,1.61,0.070779
0.070844,1.61,0.070844
0.07091,1.5,0.070910
0.070975,1.61,0.070975
0.071041,1.61,0.071041
0.071107,1.67,0.071107
0.071172,1.56,0.071172
0.071238,1.61,0.071238
0.071303,1.61,0.071303
0.071369,1.56,0.071369
0.071434,1.61,0.071434
0.0715,1.61,0.071500
0.071565,1.61,0.071565
0.071631,1.61,0.071631
0.071696,1.56,0.071696
0.071762,1.61,0.071762
0.071827,1.61,0.071827
0.071893,1.61,0.071893
0.071959,1.61,0.071959
0.072024,1.61,0.072024
0.07209,1.61,0.072090
0.072155,1.61,0.072155
0.072221,1.61,0.072221
0.072286,1.67,0.072286
0.072352,1.56,0.072352
0.072417,1.61,0.072417
0.072483,1.61,0.072483
0.072548,1.61,0.072548
0.072614,1.56,0.072614
0.072679,1.61,0.072679
0.072745,1.61,0.072745
0.07281,1.61,0.072810
0.072876,1.61,0.072876
0.072942,1.61,0.072942
0.073007,1.61,0.073007
0.073073,1.67,0.073073
0.073138,1.61,0.073138
0.073204,1.56,0.073204
0.073269,1.61,0.073269
0.073335,1.61,0.073335
0.0734,1.61,0.073400
0.073466,1.56,0.073466
0.073531,1.61,0.073531
0.073597,1.56,0.073597
0.073662,1.56,0.073662
0.073728,1.61,0.073728
0.073794,1.61,0.073794
0.073859,1.56,0.073859
0.073925,1.61,0.073925
0.07399,1.61,0.073990
0.074056,1.56,0.074056
0.074121,1.61,0.074121
0.074187,1.61,0.074187
0.074252,1.56,0.074252
0.074318,1.61,0.074318
0.074383,1.56,0.074383
0.074449,1.61,0.074449
0.074514,1.61,0.074514
0.07458,1.61,0.074580
0.074646,1.56,0.074646
0.074711,1.61,0.074711
0.074777,1.56,0.074777
0.074842,1.56,0.074842
0.074908,1.5,0.074908
0.074973,1.56,0.074973
0.075039,1.61,0.075039
0.075104,1.61,0.075104
0.07517,1.61,0.075170
0.075235,1.67,0.075235
0.075301,1.61,0.075301
0.075366,1.61,0.075366
0.075432,1.56,0.075432
0.075497,1.61,0.075497
0.075563,1.56,0.075563
0.075629,1.61,0.075629
0.075694,1.56,0.075694
0.07576,1.61,0.075760
0.075825,1.61,0.075825
0.075891,1.61,0.075891
0.075956,1.56,0.075956
0.076022,1.61,0.076022
0.076087,1.61,0.076087
0.076153,1.61,0.076153
0.076218,1.67,0.076218
0.076284,1.61,0.076284
0.076349,1.61,0.076349
0.076415,1.61,0.076415
0.076481,1.61,0.076481
0.076546,1.67,0.076546
0.076612,1.61,0.076612
0.076677,1.61,0.076677
0.076743,1.67,0.076743
0.076808,1.67,0.076808
0.076874,1.56,0.076874
0.076939,1.61,0.076939
0.077005,1.56,0.077005
0.07707,1.56,0.077070
0.077136,1.61,0.077136
0.077201,1.61,0.077201
0.077267,1.61,0.077267
0.077332,1.56,0.077332
0.077398,1.61,0.077398
0.077464,1.56,0.077464
0.077529,1.61,0.077529
0.077595,1.56,0.077595
0.07766,1.61,0.077660
0.077726,1.61,0.077726
0.077791,1.61,0.077791
0.077857,1.56,0.077857
0.077922,1.61,0.077922
0.077988,1.61,0.077988
0.078053,1.61,0.078053
0.078119,1.61,0.078119
0.078184,1.61,0.078184
0.07825,1.61,0.078250
0.078316,1.56,0.078316
0.078381,1.56,0.078381
0.078447,1.61,0.078447
0.078512,1.61,0.078512
0.078578,1.61,0.078578
0.078643,1.5,0.078643
0.078709,1.61,0.078709
0.078774,1.61,0.078774
0.07884,1.61,0.078840
0.078905,1.56,0.078905
0.078971,1.61,0.078971
0.079036,1.56,0.079036
0.079102,1.61,0.079102
0.079167,1.56,0.079167
0.079233,1.61,0.079233
0.079299,1.67,0.079299
0.079364,1.61,0.079364
0.07943,1.61,0.079430
0.079495,1.61,0.079495
0.079561,1.61,0.079561
0.079626,1.56,0.079626
0.079692,1.61,0.079692
0.079757,1.61,0.079757
0.079823,1.56,0.079823
0.079888,1.61,0.079888
0.079954,1.61,0.079954
0.080019,1.61,0.080019
0.080085,1.61,0.080085
0.080151,1.56,0.080151
0.080216,1.61,0.080216
0.080282,1.67,0.080282
0.080347,1.61,0.080347
0.080413,1.61,0.080413
0.080478,1.61,0.080478
0.080544,1.67,0.080544
0.080609,1.61,0.080609
0.080675,1.61,0.080675
0.08074,1.56,0.080740
0.080806,1.56,0.080806
0.080871,1.61,0.080871
0.080937,1.61,0.080937
0.081002,1.61,0.081002
0.081068,1.56,0.081068
0.081134,1.67,0.081134
0.081199,1.61,0.081199
0.081265,1.61,0.081265
0.08133,1.61,0.081330
0.081396,1.61,0.081396
0.081461,1.61,0.081461
0.081527,1.56,0.081527
0.081592,1.61,0.081592
0.081658,1.61,0.081658
0.081723,1.56,0.081723
0.081789,1.61,0.081789
0.081854,1.56,0.081854
0.08192,1.61,0.081920
0.081986,1.56,0.081986
0.082051,1.61,0.082051
0.082117,1.56,0.082117
0.082182,1.61,0.082182
0.082248,1.61,0.082248
0.082313,1.56,0.082313
0.082379,1.5,0.082379
0.082444,1.61,0.082444
0.08251,1.61,0.082510
0.082575,1.61,0.082575
0.082641,1.5,0.082641
0.082706,1.61,0.082706
0.082772,1.61,0.082772
0.082838,1.61,0.082838
0.082903,1.61,0.082903
0.082969,1.61,0.082969
0.083034,1.61,0.083034
0.0831,1.61,0.083100
0.083165,1.61,0.083165
0.083231,1.67,0.083231
0.083296,1.61,0.083296
0.083362,1.61,0.083362
0.083427,1.61,0.083427
0.083493,1.61,0.083493
0.083558,1.56,0.083558
0.083624,1.61,0.083624
0.083689,1.61,0.083689
0.083755,1.61,0.083755
0.083821,1.61,0.083821
0.083886,1.61,0.083886
0.083952,1.61,0.083952
0.084017,1.61,0.084017
0.084083,1.61,0.084083
0.084148,1.61,0.084148
0.084214,1.67,0.084214
0.084279,1.73,0.084279
0.084345,1.61,0.084345
0.08441,1.56,0.084410
0.084476,1.61,0.084476
0.084541,1.61,0.084541
0.084607,1.56,0.084607
0.084673,1.56,0.084673
0.084738,1.56,0.084738
0.084804,1.56,0.084804
0.084869,1.56,0.084869
0.084935,1.56,0.084935
0.085,1.61,0.085000
0.085066,1.56,0.085066
0.085131,1.61,0.085131
0.085197,1.67,0.085197
0.085262,1.56,0.085262
0.085328,1.56,0.085328
0.085393,1.56,0.085393
0.085459,1.56,0.085459
0.085524,1.61,0.085524
0.08559,1.56,0.085590
0.085656,1.56,0.085656
0.085721,1.56,0.085721
0.085787,1.56,0.085787
0.085852,1.56,0.085852
0.085918,1.61,0.085918
0.085983,1.56,0.085983
0.086049,1.56,0.086049
0.086114,1.61,0.086114
0.08618,1.67,0.086180
0.086245,1.61,0.086245
0.086311,1.56,0.086311
0.086376,1.5,0.086376
0.086442,1.61,0.086442
0.086508,1.61,0.086508
0.086573,1.61,0.086573
0.086639,1.56,0.086639
0.086704,1.61,0.086704
0.08677,1.61,0.086770
0.086835,1.61,0.086835
0.086901,1.61,0.086901
0.086966,1.61,0.086966
0.087032,1.56,0.087032
0.087097,1.61,0.087097
0.087163,1.61,0.087163
0.087228,1.67,0.087228
0.087294,1.61,0.087294
0.087359,1.56,0.087359
0.087425,1.61,0.087425
0.087491,1.61,0.087491
0.087556,1.56,0.087556
0.087622,1.61,0.087622
0.087687,1.56,0.087687
0.087753,1.61,0.087753
0.087818,1.61,0.087818
0.087884,1.56,0.087884
0.087949,1.61,0.087949
0.088015,1.67,0.088015
0.08808,1.61,0.088080
0.088146,1.61,0.088146
0.088211,1.61,0.088211
0.088277,1.61,0.088277
0.088343,1.61,0.088343
0.088408,1.61,0.088408
0.088474,1.56,0.088474
0.088539,1.56,0.088539
0.088605,1.56,0.088605
0.08867,1.61,0.088670
0.088736,1.61,0.088736
0.088801,1.61,0.088801
0.088867,1.61,0.088867
0.088932,1.61,0.088932
0.088998,1.56,0.088998
0.089063,1.56,0.089063
0.089129,1.61,0.089129
0.089194,1.56,0.089194
0.08926,1.67,0.089260
0.089326,1.56,0.089326
0.089391,1.61,0.089391
0.089457,1.56,0.089457
0.089522,1.56,0.089522
0.089588,1.56,0.089588
0.089653,1.61,0.089653
0.089719,1.61,0.089719
0.089784,1.61,0.089784
0.08985,1.56,0.089850
0.089915,1.56,0.089915
0.089981,1.61,0.089981
0.090046,1.56,0.090046
0.090112,1.5,0.090112
0.090178,1.67,0.090178
0.090243,1.67,0.090243
0.090309,1.61,0.090309
0.090374,1.5,0.090374
0.09044,1.56,0.090440
0.090505,1.56,0.090505
0.090571,1.61,0.090571
0.090636,1.61,0.090636
0.090702,1.61,0.090702
0.090767,1.56,0.090767
0.090833,1.61,0.090833
0.090898,1.56,0.090898
0.090964,1.61,0.090964
0.09103,1.56,0.091030
0.091095,1.61,0.091095
0.091161,1.61,0.091161
0.091226,1.61,0.091226
0.091292,1.67,0.091292
0.091357,1.61,0.091357
0.091423,1.61,0.091423
0.091488,1.67,0.091488
0.091554,1.61,0.091554
0.091619,1.56,0.091619
0.091685,1.61,0.091685
0.09175,1.67,0.091750
0.091816,1.61,0.091816
0.091881,1.61,0.091881
0.091947,1.56,0.091947
0.092013,1.61,0.092013
0.092078,1.56,0.092078
0.092144,1.61,0.092144
0.092209,1.61,0.092209
0.092275,1.61,0.092275
0.09234,1.56,0.092340
0.092406,1.61,0.092406
0.092471,1.56,0.092471
0.092537,1.56,0.092537
0.092602,1.61,0.092602
0.092668,1.56,0.092668
0.092733,1.56,0.092733
0.092799,1.56,0.092799
0.092865,1.61,0.092865
0.09293,1.61,0.092930
0.092996,1.56,0.092996
0.093061,1.61,0.093061
0.093127,1.61,0.093127
0.093192,1.61,0.093192
0.093258,1.56,0.093258
0.093323,1.56,0.093323
0.093389,1.56,0.093389
0.093454,1.56,0.093454
0.09352,1.61,0.093520
0.093585,1.56,0.093585
0.093651,1.61,0.093651
0.093716,1.56,0.093716
0.093782,1.61,0.093782
0.093848,1.56,0.093848
0.093913,1.61,0.093913
0.093979,1.56,0.093979
0.094044,1.61,0.094044
0.09411,1.5,0.094110
0.094175,1.67,0.094175
0.094241,1.61,0.094241
0.094306,1.56,0.094306
0.094372,1.5,0.094372
0.094437,1.61,0.094437
0.094503,1.61,0.094503
0.094568,1.61,0.094568
0.094634,1.61,0.094634
0.0947,1.61,0.094700
0.094765,1.61,0.094765
0.094831,1.56,0.094831
0.094896,1.61,0.094896
0.094962,1.61,0.094962
0.095027,1.61,0.095027
0.095093,1.56,0.095093
0.095158,1.56,0.095158
0.095224,1.67,0.095224
0.095289,1.61,0.095289
0.095355,1.61,0.095355
0.09542,1.61,0.095420
0.095486,1.67,0.095486
0.095551,1.61,0.095551
0.095617,1.61,0.095617
0.095683,1.56,0.095683
0.095748,1.61,0.095748
0.095814,1.56,0.095814
0.095879,1.61,0.095879
0.095945,1.56,0.095945
0.09601,1.61,0.096010
0.096076,1.61,0.096076
0.096141,1.61,0.096141
0.096207,1.61,0.096207
0.096272,1.61,0.096272
0.096338,1.61,0.096338
0.096403,1.61,0.096403
0.096469,1.61,0.096469
0.096535,1.56,0.096535
0.0966,1.61,0.096600
0.096666,1.61,0.096666
0.096731,1.61,0.096731
0.096797,1.56,0.096797
0.096862,1.61,0.096862
0.096928,1.61,0.096928
0.096993,1.61,0.096993
0.097059,1.5,0.097059
0.097124,1.61,0.097124
0.09719,1.61,0.097190
0.097255,1.61,0.097255
0.097321,1.56,0.097321
0.097386,1.56,0.097386
0.097452,1.61,0.097452
0.097518,1.61,0.097518
0.097583,1.56,0.097583
0.097649,1.61,0.097649
0.097714,1.56,0.097714
0.09778,1.61,0.097780
0.097845,1.5,0.097845
0.097911,1.61,0.097911
0.097976,1.61,0.097976
0.098042,1.56,0.098042
0.098107,1.56,0.098107
0.098173,1.61,0.098173
0.098238,1.61,0.098238
0.098304,1.61,0.098304
0.09837,1.61,0.098370
0.098435,1.56,0.098435
0.098501,1.56,0.098501
0.098566,1.61,0.098566
0.098632,1.56,0.098632
0.098697,1.61,0.098697
0.098763,1.61,0.098763
0.098828,1.61,0.098828
0.098894,1.56,0.098894
0.098959,1.61,0.098959
0.099025,1.56,0.099025
0.09909,1.61,0.099090
0.099156,1.61,0.099156
0.099222,1.67,0.099222
0.099287,1.67,0.099287
0.099353,1.61,0.099353
0.099418,1.56,0.099418
0.099484,1.61,0.099484
0.099549,1.56,0.099549
0.099615,1.61,0.099615
0.09968,1.61,0.099680
0.099746,1.56,0.099746
0.099811,1.61,0.099811
0.099877,1.61,0.099877
0.099942,1.61,0.099942
0.10001,1.56,0.10001
0.10007,1.61,0.10007
0.10014,1.56,0.10014
0.1002,1.61,0.10020
0.10027,1.61,0.10027
0.10034,1.61,0.10034
0.1004,1.61,0.10040
0.10047,1.56,0.10047
0.10053,1.56,0.10053
0.1006,1.61,0.10060
0.10066,1.56,0.10066
0.10073,1.56,0.10073
0.10079,1.56,0.10079
0.10086,1.61,0.10086
0.10093,1.56,0.10093
0.10099,1.61,0.10099
0.10106,1.5,0.10106
0.10112,1.61,0.10112
0.10119,1.61,0.10119
0.10125,1.56,0.10125
0.10132,1.56,0.10132
0.10138,1.61,0.10138
0.10145,1.61,0.10145
0.10152,1.61,0.10152
0.10158,1.5,0.10158
0.10165,1.56,0.10165
0.10171,1.61,0.10171
0.10178,1.56,0.10178
0.10184,1.5,0.10184
0.10191,1.61,0.10191
0.10197,1.61,0.10197
0.10204,1.61,0.10204
0.10211,1.56,0.10211
0.10217,1.73,0.10217
0.10224,1.67,0.10224
0.1023,1.61,0.10230
0.10237,1.56,0.10237
0.10243,1.61,0.10243
0.1025,1.61,0.10250
0.10256,1.61,0.10256
0.10263,1.56,0.10263
0.10269,1.56,0.10269
0.10276,1.61,0.10276
0.10283,1.61,0.10283
0.10289,1.56,0.10289
0.10296,1.67,0.10296
0.10302,1.61,0.10302
0.10309,1.56,0.10309
0.10315,1.56,0.10315
0.10322,1.67,0.10322
0.10328,1.61,0.10328
0.10335,1.61,0.10335
0.10342,1.61,0.10342
0.10348,1.56,0.10348
0.10355,1.61,0.10355
0.10361,1.61,0.10361
0.10368,1.61,0.10368
0.10374,1.56,0.10374
0.10381,1.56,0.10381
0.10387,1.56,0.10387
0.10394,1.56,0.10394
0.10401,1.56,0.10401
0.10407,1.56,0.10407
0.10414,1.61,0.10414
0.1042,1.61,0.10420
0.10427,1.67,0.10427
0.10433,1.61,0.10433
0.1044,1.61,0.10440
0.10446,1.56,0.10446
0.10453,1.56,0.10453
0.1046,1.61,0.10460
0.10466,1.61,0.10466
0.10473,1.61,0.10473
0.10479,1.56,0.10479
0.10486,1.61,0.10486
0.10492,1.56,0.10492
0.10499,1.56,0.10499
0.10505,1.56,0.10505
0.10512,1.56,0.10512
0.10519,1.67,0.10519
0.10525,1.67,0.10525
0.10532,1.56,0.10532
0.10538,1.61,0.10538
0.10545,1.61,0.10545
0.10551,1.56,0.10551
0.10558,1.5,0.10558
0.10564,1.61,0.10564
0.10571,1.61,0.10571
0.10578,1.61,0.10578
0.10584,1.5,0.10584
0.10591,1.67,0.10591
0.10597,1.61,0.10597
0.10604,1.61,0.10604
0.1061,1.61,0.10610
0.10617,1.67,0.10617
0.10623,1.61,0.10623
0.1063,1.61,0.10630
0.10636,1.56,0.10636
0.10643,1.61,0.10643
0.1065,1.61,0.10650
0.10656,1.56,0.10656
0.10663,1.61,0.10663
0.10669,1.67,0.10669
0.10676,1.56,0.10676
0.10682,1.56,0.10682
0.10689,1.61,0.10689
0.10695,1.61,0.10695
0.10702,1.56,0.10702
0.10709,1.61,0.10709
0.10715,1.61,0.10715
0.10722,1.67,0.10722
0.10728,1.61,0.10728
0.10735,1.61,0.10735
0.10741,1.61,0.10741
0.10748,1.56,0.10748
0.10754,1.61,0.10754
0.10761,1.67,0.10761
0.10768,1.61,0.10768
0.10774,1.56,0.10774
0.10781,1.61,0.10781
0.10787,1.61,0.10787
0.10794,1.61,0.10794
0.108,1.61,0.10800
0.10807,1.61,0.10807
0.10813,1.61,0.10813
0.1082,1.61,0.10820
0.10827,1.61,0.10827
0.10833,1.61,0.10833
0.1084,1.61,0.10840
0.10846,1.61,0.10846
0.10853,1.56,0.10853
0.10859,1.61,0.10859
0.10866,1.56,0.10866
0.10872,1.56,0.10872
0.10879,1.56,0.10879
0.10886,1.61,0.10886
0.10892,1.61,0.10892
0.10899,1.61,0.10899
0.10905,1.56,0.10905
0.10912,1.61,0.10912
0.10918,1.67,0.10918
0.10925,1.67,0.10925
0.10931,1.5,0.10931
0.10938,1.61,0.10938
0.10945,1.61,0.10945
0.10951,1.61,0.10951
0.10958,1.5,0.10958
0.10964,1.61,0.10964
0.10971,1.61,0.10971
0.10977,1.61,0.10977
0.10984,1.56,0.10984
0.1099,1.61,0.10990
0.10997,1.61,0.10997
0.11003,1.61,0.11003
0.1101,1.61,0.11010
0.11017,1.67,0.11017
0.11023,1.67,0.11023
0.1103,1.61,0.11030
0.11036,1.56,0.11036
0.11043,1.67,0.11043
0.11049,1.61,0.11049
0.11056,1.56,0.11056
0.11062,1.61,0.11062
0.11069,1.56,0.11069
0.11076,1.61,0.11076
0.11082,1.56,0.11082
0.11089,1.56,0.11089
0.11095,1.61,0.11095
0.11102,1.61,0.11102
0.11108,1.56,0.11108
0.11115,1.61,0.11115
0.11121,1.56,0.11121
0.11128,1.67,0.11128
0.11135,1.61,0.11135
0.11141,1.56,0.11141
0.11148,1.56,0.11148
0.11154,1.61,0.11154
0.11161,1.61,0.11161
0.11167,1.61,0.11167
0.11174,1.73,0.11174
0.1118,3.95,0.11180
0.11187,5.43,0.11187
0.11194,4.63,0.11194
0.112,3.61,0.11200
0.11207,3.44,0.11207
0.11213,3.44,0.11213
0.1122,3.44,0.11220
0.11226,3.38,0.11226
0.11233,3.44,0.11233
0.11239,3.38,0.11239
0.11246,3.44,0.11246
0.11253,3.38,0.11253
0.11259,3.38,0.11259
0.11266,3.38,0.11266
0.11272,3.38,0.11272
0.11279,3.38,0.11279
0.11285,3.44,0.11285
0.11292,3.38,0.11292
0.11298,3.44,0.11298
0.11305,3.38,0.11305
0.11312,3.44,0.11312
0.11318,3.44,0.11318
0.11325,3.38,0.11325
0.11331,3.32,0.11331
0.11338,3.44,0.11338
0.11344,3.38,0.11344
0.11351,3.38,0.11351
0.11357,3.32,0.11357
0.11364,3.44,0.11364
0.1137,3.38,0.11370
0.11377,3.44,0.11377
0.11384,3.38,0.11384
0.1139,3.38,0.11390
0.11397,3.38,0.11397
0.11403,3.38,0.11403
0.1141,3.38,0.11410
0.11416,3.49,0.11416
0.11423,3.38,0.11423
0.11429,3.38,0.11429
0.11436,3.38,0.11436
0.11443,3.38,0.11443
0.11449,3.44,0.11449
0.11456,3.32,0.11456
0.11462,3.32,0.11462
0.11469,5.03,0.11469
0.11475,5.54,0.11475
0.11482,5.71,0.11482
0.11488,5.71,0.11488
0.11495,5.71,0.11495
0.11502,5.6,0.11502
0.11508,5.6,0.11508
0.11515,5.54,0.11515
0.11521,5.48,0.11521
0.11528,5.54,0.11528
0.11534,5.54,0.11534
0.11541,5.54,0.11541
0.11547,5.6,0.11547
0.11554,5.6,0.11554
0.11561,5.6,0.11561
0.11567,5.6,0.11567
0.11574,5.6,0.11574
0.1158,5.6,0.11580
0.11587,5.54,0.11587
0.11593,5.54,0.11593
0.116,5.54,0.11600
0.11606,5.54,0.11606
0.11613,5.54,0.11613
0.1162,5.54,0.11620
0.11626,5.48,0.11626
0.11633,5.6,0.11633
0.11639,5.54,0.11639
0.11646,5.6,0.11646
0.11652,5.54,0.11652
0.11659,5.6,0.11659
0.11665,5.6,0.11665
0.11672,5.6,0.11672
0.11679,5.54,0.11679
0.11685,5.54,0.11685
0.11692,5.54,0.11692
0.11698,5.54,0.11698
0.11705,5.48,0.11705
0.11711,5.6,0.11711
0.11718,5.6,0.11718
0.11724,5.54,0.11724
0.11731,5.54,0.11731
0.11737,5.54,0.11737
0.11744,5.54,0.11744
0.11751,5.54,0.11751
0.11757,5.48,0.11757
0.11764,5.54,0.11764
0.1177,5.54,0.11770
0.11777,5.54,0.11777
0.11783,5.6,0.11783
0.1179,5.54,0.11790
0.11796,5.54,0.11796
0.11803,5.54,0.11803
0.1181,5.54,0.11810
0.11816,5.48,0.11816
0.11823,5.54,0.11823
0.11829,5.54,0.11829
0.11836,5.6,0.11836
0.11842,5.48,0.11842
0.11849,5.6,0.11849
0.11855,5.54,0.11855
0.11862,5.48,0.11862
0.11869,5.6,0.11869
0.11875,5.6,0.11875
0.11882,5.54,0.11882
0.11888,5.6,0.11888
0.11895,5.54,0.11895
0.11901,5.54,0.11901
0.11908,5.54,0.11908
0.11914,5.54,0.11914
0.11921,5.6,0.11921
0.11928,3.89,0.11928
0.11934,3.38,0.11934
0.11941,3.32,0.11941
0.11947,3.26,0.11947
0.11954,3.32,0.11954
0.1196,3.32,0.11960
0.11967,3.32,0.11967
0.11973,3.21,0.11973
0.1198,3.26,0.11980
0.11987,3.26,0.11987
0.11993,3.26,0.11993
0.12,3.26,0.12000
0.12006,3.32,0.12006
0.12013,3.32,0.12013
0.12019,3.32,0.12019
0.12026,3.21,0.12026
0.12032,3.32,0.12032
0.12039,3.32,0.12039
0.12046,3.32,0.12046
0.12052,4.18,0.12052
0.12059,5.43,0.12059
0.12065,5.09,0.12065
0.12072,2.24,0.12072
0.12078,1.67,0.12078
0.12085,1.67,0.12085
0.12091,1.61,0.12091
0.12098,1.61,0.12098
0.12104,1.5,0.12104
0.12111,1.61,0.12111
0.12118,1.61,0.12118
0.12124,1.61,0.12124
0.12131,1.5,0.12131
0.12137,1.61,0.12137
0.12144,1.56,0.12144
0.1215,1.61,0.12150
0.12157,1.56,0.12157
0.12163,1.73,0.12163
0.1217,1.61,0.12170
0.12177,1.61,0.12177
0.12183,1.61,0.12183
0.1219,1.61,0.12190
0.12196,1.61,0.12196
0.12203,1.56,0.12203
0.12209,1.61,0.12209
0.12216,1.67,0.12216
0.12222,1.67,0.12222
0.12229,1.61,0.12229
0.12236,1.56,0.12236
0.12242,1.56,0.12242
0.12249,1.61,0.12249
0.12255,1.61,0.12255
0.12262,1.61,0.12262
0.12268,1.56,0.12268
0.12275,1.61,0.12275
0.12281,1.61,0.12281
0.12288,1.61,0.12288
0.12295,1.56,0.12295
0.12301,1.61,0.12301
0.12308,1.56,0.12308
0.12314,1.67,0.12314
0.12321,1.56,0.12321
0.12327,1.61,0.12327
0.12334,1.56,0.12334
0.1234,1.61,0.12340
0.12347,1.5,0.12347
0.12354,1.61,0.12354
0.1236,1.61,0.12360
0.12367,1.61,0.12367
0.12373,1.61,0.12373
0.1238,1.61,0.12380
0.12386,1.61,0.12386
0.12393,1.61,0.12393
0.12399,1.56,0.12399
0.12406,1.61,0.12406
0.12413,1.61,0.12413
0.12419,1.67,0.12419
0.12426,1.56,0.12426
0.12432,1.61,0.12432
0.12439,1.61,0.12439
0.12445,1.61,0.12445
0.12452,1.61,0.12452
0.12458,1.61,0.12458
0.12465,1.56,0.12465
0.12472,1.61,0.12472
0.12478,1.56,0.12478
0.12485,1.61,0.12485
0.12491,1.61,0.12491
0.12498,1.61,0.12498
0.12504,1.5,0.12504
0.12511,1.61,0.12511
0.12517,1.67,0.12517
0.12524,1.61,0.12524
0.1253,1.61,0.12530
0.12537,1.67,0.12537
0.12544,1.61,0.12544
0.1255,1.61,0.12550
0.12557,1.56,0.12557
0.12563,1.61,0.12563
0.1257,1.61,0.12570
0.12576,1.67,0.12576
0.12583,1.61,0.12583
0.12589,1.61,0.12589
0.12596,1.56,0.12596
0.12603,1.61,0.12603
0.12609,1.61,0.12609
0.12616,1.56,0.12616
0.12622,1.61,0.12622
0.12629,1.67,0.12629
0.12635,1.61,0.12635
0.12642,1.61,0.12642
0.12648,1.61,0.12648
0.12655,1.56,0.12655
0.12662,1.56,0.12662
0.12668,1.56,0.12668
0.12675,1.61,0.12675
0.12681,1.56,0.12681
0.12688,1.61,0.12688
0.12694,1.56,0.12694
0.12701,1.61,0.12701
0.12707,1.61,0.12707
0.12714,1.67,0.12714
0.12721,1.56,0.12721
0.12727,1.61,0.12727
0.12734,1.61,0.12734
0.1274,1.61,0.12740
0.12747,1.61,0.12747
0.12753,1.61,0.12753
0.1276,1.61,0.12760
0.12766,1.61,0.12766
0.12773,1.56,0.12773
0.1278,1.61,0.12780
0.12786,1.61,0.12786
0.12793,1.61,0.12793
0.12799,1.56,0.12799
0.12806,1.61,0.12806
0.12812,1.67,0.12812
0.12819,1.67,0.12819
0.12825,1.56,0.12825
0.12832,1.56,0.12832
0.12839,1.61,0.12839
0.12845,1.61,0.12845
0.12852,1.56,0.12852
0.12858,1.61,0.12858
0.12865,1.61,0.12865
0.12871,1.61,0.12871
0.12878,1.5,0.12878
0.12884,1.61,0.12884
0.12891,1.61,0.12891
0.12897,1.61,0.12897
0.12904,1.5,0.12904
0.12911,1.67,0.12911
0.12917,1.61,0.12917
0.12924,1.61,0.12924
0.1293,1.61,0.12930
0.12937,1.67,0.12937
0.12943,1.61,0.12943
0.1295,1.56,0.12950
0.12956,1.61,0.12956
0.12963,1.61,0.12963
0.1297,1.56,0.12970
0.12976,1.56,0.12976
0.12983,1.61,0.12983
0.12989,1.56,0.12989
0.12996,1.61,0.12996
0.13002,1.56,0.13002
0.13009,1.61,0.13009
0.13015,1.61,0.13015
0.13022,1.67,0.13022
0.13029,1.61,0.13029
0.13035,1.56,0.13035
0.13042,1.56,0.13042
0.13048,1.56,0.13048
0.13055,1.61,0.13055
0.13061,1.56,0.13061
0.13068,1.61,0.13068
0.13074,1.61,0.13074
0.13081,1.61,0.13081
0.13088,1.61,0.13088
0.13094,1.61,0.13094
0.13101,1.61,0.13101
0.13107,1.61,0.13107
0.13114,1.61,0.13114
0.1312,1.56,0.13120
0.13127,1.67,0.13127
0.13133,1.61,0.13133
0.1314,1.56,0.13140
0.13147,1.56,0.13147
0.13153,1.61,0.13153
0.1316,1.61,0.13160
0.13166,1.56,0.13166
0.13173,1.56,0.13173
0.13179,1.61,0.13179
0.13186,1.61,0.13186
0.13192,1.61,0.13192
0.13199,1.56,0.13199
0.13206,1.61,0.13206
0.13212,1.61,0.13212
0.13219,1.61,0.13219
0.13225,1.61,0.13225
0.13232,1.61,0.13232
0.13238,1.61,0.13238
0.13245,1.56,0.13245
0.13251,1.56,0.13251
0.13258,1.61,0.13258
0.13264,1.61,0.13264
0.13271,1.61,0.13271
0.13278,1.5,0.13278
0.13284,1.67,0.13284
0.13291,1.56,0.13291
0.13297,1.61,0.13297
0.13304,1.61,0.13304
0.1331,1.61,0.13310
0.13317,1.61,0.13317
0.13323,1.61,0.13323
0.1333,1.61,0.13330
0.13337,1.56,0.13337
0.13343,1.56,0.13343
0.1335,1.56,0.13350
0.13356,1.61,0.13356
0.13363,1.61,0.13363
0.13369,1.61,0.13369
0.13376,1.61,0.13376
0.13382,1.61,0.13382
0.13389,1.56,0.13389
0.13396,1.56,0.13396
0.13402,1.61,0.13402
0.13409,1.61,0.13409
0.13415,1.61,0.13415
0.13422,1.67,0.13422
0.13428,1.67,0.13428
0.13435,1.61,0.13435
0.13441,1.61,0.13441
0.13448,1.61,0.13448
0.13455,1.56,0.13455
0.13461,1.61,0.13461
0.13468,1.61,0.13468
0.13474,1.56,0.13474
0.13481,1.61,0.13481
0.13487,1.61,0.13487
0.13494,1.56,0.13494
0.135,1.61,0.13500
0.13507,1.61,0.13507
0.13514,1.67,0.13514
0.1352,1.61,0.13520
0.13527,1.61,0.13527
0.13533,1.61,0.13533
0.1354,1.61,0.13540
0.13546,1.61,0.13546
0.13553,1.61,0.13553
0.13559,1.61,0.13559
0.13566,1.61,0.13566
0.13573,1.56,0.13573
0.13579,1.61,0.13579
0.13586,1.61,0.13586
0.13592,1.61,0.13592
0.13599,1.5,0.13599
0.13605,1.61,0.13605
0.13612,1.61,0.13612
0.13618,1.61,0.13618
0.13625,1.67,0.13625
0.13631,1.61,0.13631
0.13638,1.56,0.13638
0.13645,1.61,0.13645
0.13651,1.5,0.13651
0.13658,1.67,0.13658
0.13664,1.61,0.13664
0.13671,1.61,0.13671
0.13677,1.56,0.13677
0.13684,1.61,0.13684
0.1369,1.56,0.13690
0.13697,1.61,0.13697
0.13704,1.61,0.13704
0.1371,1.61,0.13710
0.13717,1.67,0.13717
